FEATURE_KEY,CLAIM_OID,CLAIM_NBR,LOSS_STATE,ACCIDENT_YEAR,COVERAGE_CODE,ADJUSTER_ID,PAID_AMT,OUTSTANDING_AMT,INCURRED_AMT,OPEN_FLAG,HIGH_SEVERITY_FLAG,ASOF_DATE
500001,100000,CW-2024-000001,CA,2024,COMP,ADJ_008,18461.44,58676.35,77137.79,1,0,2/1/2026
500002,100000,CW-2024-000001,CA,2024,COMP,ADJ_008,2073.57,5028.98,7102.55,1,0,2/1/2026
500003,100000,CW-2024-000001,CA,2024,WC,ADJ_008,25040.44,775.53,25815.97,0,0,2/1/2026
500004,100001,CW-2021-000002,FL,2021,COMP,ADJ_001,2914.03,1911.96,4825.99,1,0,2/1/2026
500005,100001,CW-2021-000002,FL,2021,COLL,ADJ_001,20331.86,17475.29,37807.15,1,0,2/1/2026
500006,100001,CW-2021-000002,FL,2021,PD,ADJ_001,5769.03,1214.68,6983.71,0,0,2/1/2026
500007,100002,CW-2023-000003,CA,2023,UM,ADJ_005,36148.18,1500,37648.18,0,0,2/1/2026
500008,100002,CW-2023-000003,CA,2023,PD,ADJ_005,25169.99,62239.31,87409.3,1,0,2/1/2026
500009,100002,CW-2023-000003,CA,2023,BI,ADJ_005,4245.51,7345.57,11591.08,1,0,2/1/2026
500010,100003,CW-2023-000004,CA,2023,MEDPAY,ADJ_004,1479.7,8584.64,10064.34,1,0,2/1/2026
500011,100004,CW-2021-000005,CA,2021,BI,ADJ_008,2110.36,4391.93,6502.29,1,0,2/1/2026
500012,100004,CW-2021-000005,CA,2021,CARGO,ADJ_008,4801.95,7521.93,12323.88,1,0,2/1/2026
500013,100004,CW-2021-000005,CA,2021,PD,ADJ_008,24055.89,1500,25555.89,0,0,2/1/2026
500014,100005,CW-2022-000006,AZ,2022,MEDPAY,ADJ_006,1122.49,389.58,1512.07,0,0,2/1/2026
500015,100005,CW-2022-000006,AZ,2022,COLL,ADJ_006,5904.12,1500,7404.12,0,0,2/1/2026
500016,100005,CW-2022-000006,AZ,2022,COMP,ADJ_006,7319.35,726.58,8045.93,0,0,2/1/2026
500017,100005,CW-2022-000006,AZ,2022,COLL,ADJ_006,4786.08,37415.4,42201.48,1,0,2/1/2026
500018,100006,CW-2024-000007,TX,2024,COMP,ADJ_011,2921.81,21765.35,24687.16,1,0,2/1/2026
500019,100006,CW-2024-000007,TX,2024,BI,ADJ_011,20360.71,1500,21860.71,0,0,2/1/2026
500020,100006,CW-2024-000007,TX,2024,UM,ADJ_011,485.35,5109,5594.35,1,0,2/1/2026
500021,100007,CW-2024-000008,TX,2024,PD,ADJ_004,11504.6,306.72,11811.32,0,0,2/1/2026
500022,100007,CW-2024-000008,TX,2024,BI,ADJ_004,8112.66,51736.8,59849.46,1,0,2/1/2026
500023,100007,CW-2024-000008,TX,2024,PD,ADJ_004,2855.38,5348.23,8203.61,1,0,2/1/2026
500024,100007,CW-2024-000008,TX,2024,MEDPAY,ADJ_004,3051.43,2503.15,5554.58,1,0,2/1/2026
500025,100008,CW-2023-000009,TN,2023,BI,ADJ_008,8072.72,58562.04,66634.76,1,0,2/1/2026
500026,100008,CW-2023-000009,TN,2023,BI,ADJ_008,12504.08,21123.34,33627.42,1,0,2/1/2026
500027,100008,CW-2023-000009,TN,2023,COMP,ADJ_008,18292.73,1117.25,19409.98,0,0,2/1/2026
500028,100009,CW-2024-000010,TX,2024,PD,ADJ_005,1475.76,6499.39,7975.15,1,0,2/1/2026
500029,100009,CW-2024-000010,TX,2024,CARGO,ADJ_005,6245.27,13908.5,20153.77,1,0,2/1/2026
500030,100010,CW-2024-000011,OH,2024,COLL,ADJ_009,13749.23,34494.16,48243.39,1,0,2/1/2026
500031,100010,CW-2024-000011,OH,2024,PD,ADJ_009,17479.46,87.84,17567.3,0,0,2/1/2026
500032,100010,CW-2024-000011,OH,2024,COLL,ADJ_009,9681.03,1500,11181.03,0,0,2/1/2026
500033,100010,CW-2024-000011,OH,2024,BI,ADJ_009,5636.29,3275.82,8912.11,1,0,2/1/2026
500034,100011,CW-2024-000012,PA,2024,BI,ADJ_002,31699.95,1500,33199.95,0,0,2/1/2026
500035,100012,CW-2023-000013,IL,2023,PD,ADJ_001,3960.53,332.97,4293.5,0,0,2/1/2026
500036,100012,CW-2023-000013,IL,2023,BI,ADJ_001,16397.4,82.4,16479.8,0,0,2/1/2026
500037,100012,CW-2023-000013,IL,2023,COMP,ADJ_001,3450.16,2873.37,6323.53,1,0,2/1/2026
500038,100012,CW-2023-000013,IL,2023,PD,ADJ_001,25996.26,167.79,26164.05,0,0,2/1/2026
500039,100012,CW-2023-000013,IL,2023,CARGO,ADJ_001,13036.95,875.69,13912.64,0,0,2/1/2026
500040,100013,CW-2024-000014,MA,2024,BI,ADJ_012,8945.71,914.83,9860.54,0,0,2/1/2026
500041,100013,CW-2024-000014,MA,2024,PD,ADJ_012,16678.16,1500,18178.16,0,0,2/1/2026
500042,100013,CW-2024-000014,MA,2024,CARGO,ADJ_012,27033.88,1500,28533.88,0,0,2/1/2026
500043,100013,CW-2024-000014,MA,2024,COMP,ADJ_012,4058.55,5624.54,9683.09,1,0,2/1/2026
500044,100014,CW-2024-000015,CO,2024,MEDPAY,ADJ_001,4741.8,13687.51,18429.31,1,0,2/1/2026
500045,100014,CW-2024-000015,CO,2024,BI,ADJ_001,103275.5,1500,104775.5,0,1,2/1/2026
500046,100014,CW-2024-000015,CO,2024,WC,ADJ_001,4269.52,6236.25,10505.77,1,0,2/1/2026
500047,100014,CW-2024-000015,CO,2024,BI,ADJ_001,12244.38,13823.67,26068.05,1,0,2/1/2026
500048,100014,CW-2024-000015,CO,2024,PD,ADJ_001,23409.2,36972.73,60381.93,1,0,2/1/2026
500049,100015,CW-2023-000016,OH,2023,PD,ADJ_009,13337.72,19110.31,32448.03,1,0,2/1/2026
500050,100015,CW-2023-000016,OH,2023,PD,ADJ_009,1343.88,2639.97,3983.85,1,0,2/1/2026
500051,100015,CW-2023-000016,OH,2023,BI,ADJ_009,6386.9,1500,7886.9,0,0,2/1/2026
500052,100016,CW-2024-000017,WA,2024,UM,ADJ_003,16049.31,23042.81,39092.12,1,0,2/1/2026
500053,100016,CW-2024-000017,WA,2024,COLL,ADJ_003,18271.08,1500,19771.08,0,0,2/1/2026
500054,100017,CW-2024-000018,CA,2024,PD,ADJ_006,2817.01,10149.08,12966.09,1,0,2/1/2026
500055,100018,CW-2023-000019,TX,2023,COLL,ADJ_003,16208.24,1500,17708.24,0,0,2/1/2026
500056,100018,CW-2023-000019,TX,2023,PD,ADJ_003,1420.2,26983.83,28404.03,1,0,2/1/2026
500057,100019,CW-2024-000020,NC,2024,UM,ADJ_009,9889.46,244.18,10133.64,0,0,2/1/2026
500058,100019,CW-2024-000020,NC,2024,PD,ADJ_009,5347.39,17261.75,22609.14,1,0,2/1/2026
500059,100019,CW-2024-000020,NC,2024,COMP,ADJ_009,2528.04,12155.18,14683.22,1,0,2/1/2026
500060,100019,CW-2024-000020,NC,2024,WC,ADJ_009,2489.7,5385.88,7875.58,1,0,2/1/2026
500061,100019,CW-2024-000020,NC,2024,BI,ADJ_009,9458.71,34500.86,43959.57,1,0,2/1/2026
500062,100020,CW-2022-000021,TX,2022,MEDPAY,ADJ_010,8877.39,232.36,9109.75,0,0,2/1/2026
500063,100020,CW-2022-000021,TX,2022,MEDPAY,ADJ_010,934.44,1911.44,2845.88,1,0,2/1/2026
500064,100020,CW-2022-000021,TX,2022,PD,ADJ_010,1372.66,215.88,1588.54,0,0,2/1/2026
500065,100020,CW-2022-000021,TX,2022,BI,ADJ_010,27354.29,1500,28854.29,0,0,2/1/2026
500066,100021,CW-2022-000022,NJ,2022,PD,ADJ_006,1507.32,7208.8,8716.12,1,0,2/1/2026
500067,100021,CW-2022-000022,NJ,2022,PD,ADJ_006,10604.91,11788.78,22393.69,1,0,2/1/2026
500068,100021,CW-2022-000022,NJ,2022,CARGO,ADJ_006,6176.45,9372.23,15548.68,1,0,2/1/2026
500069,100022,CW-2023-000023,CA,2023,COLL,ADJ_010,3932.86,693.87,4626.73,0,0,2/1/2026
500070,100022,CW-2023-000023,CA,2023,WC,ADJ_010,3824.16,24186.23,28010.39,1,0,2/1/2026
500071,100022,CW-2023-000023,CA,2023,MEDPAY,ADJ_010,8005.81,1086.38,9092.19,0,0,2/1/2026
500072,100023,CW-2023-000024,MA,2023,CARGO,ADJ_008,3417.1,3305.59,6722.69,1,0,2/1/2026
500073,100023,CW-2023-000024,MA,2023,PD,ADJ_008,60166.78,1500,61666.78,0,0,2/1/2026
500074,100023,CW-2023-000024,MA,2023,BI,ADJ_008,32730.35,38859.28,71589.63,1,0,2/1/2026
500075,100023,CW-2023-000024,MA,2023,PD,ADJ_008,9540,334.27,9874.27,0,0,2/1/2026
500076,100024,CW-2023-000025,MA,2023,BI,ADJ_006,29314.46,147.31,29461.77,0,0,2/1/2026
500077,100024,CW-2023-000025,MA,2023,CARGO,ADJ_006,21229.59,1500,22729.59,0,0,2/1/2026
500078,100024,CW-2023-000025,MA,2023,UM,ADJ_006,6388.57,1500,7888.57,0,0,2/1/2026
500079,100024,CW-2023-000025,MA,2023,CARGO,ADJ_006,2039.64,4937.42,6977.06,1,0,2/1/2026
500080,100024,CW-2023-000025,MA,2023,MEDPAY,ADJ_006,1537.33,292.11,1829.44,0,0,2/1/2026
500081,100025,CW-2022-000026,TX,2022,COLL,ADJ_003,2268.47,8533.35,10801.82,1,0,2/1/2026
500082,100025,CW-2022-000026,TX,2022,CARGO,ADJ_003,13102.41,10077.45,23179.86,1,0,2/1/2026
500083,100025,CW-2022-000026,TX,2022,MEDPAY,ADJ_003,2287.1,16352.73,18639.83,1,0,2/1/2026
500084,100025,CW-2022-000026,TX,2022,COLL,ADJ_003,1836.44,1723.17,3559.61,1,0,2/1/2026
500085,100026,CW-2023-000027,NJ,2023,COLL,ADJ_003,26945.94,1500,28445.94,0,0,2/1/2026
500086,100026,CW-2023-000027,NJ,2023,PD,ADJ_003,27354.51,1500,28854.51,0,0,2/1/2026
500087,100026,CW-2023-000027,NJ,2023,PD,ADJ_003,23760.91,1500,25260.91,0,0,2/1/2026
500088,100027,CW-2023-000028,NY,2023,MEDPAY,ADJ_007,1223.85,2502.41,3726.26,1,0,2/1/2026
500089,100027,CW-2023-000028,NY,2023,WC,ADJ_007,1299.04,24681.7,25980.74,1,0,2/1/2026
500090,100027,CW-2023-000028,NY,2023,BI,ADJ_007,5571.67,1500,7071.67,0,0,2/1/2026
500091,100028,CW-2022-000029,CO,2022,UM,ADJ_004,24821.43,37576.14,62397.57,1,0,2/1/2026
500092,100029,CW-2023-000030,CA,2023,BI,ADJ_009,3343.44,5432.43,8775.87,1,0,2/1/2026
500093,100029,CW-2023-000030,CA,2023,PD,ADJ_009,4694.87,23.59,4718.46,0,0,2/1/2026
500094,100029,CW-2023-000030,CA,2023,PD,ADJ_009,8362.29,1450.44,9812.73,0,0,2/1/2026
500095,100030,CW-2024-000031,NJ,2024,PD,ADJ_008,31703.26,1500,33203.26,0,0,2/1/2026
500096,100030,CW-2024-000031,NJ,2024,WC,ADJ_008,5546.51,3368.26,8914.77,1,0,2/1/2026
500097,100031,CW-2022-000032,FL,2022,PD,ADJ_002,8732.32,13741.44,22473.76,1,0,2/1/2026
500098,100031,CW-2022-000032,FL,2022,BI,ADJ_002,3548.71,39476.89,43025.6,1,0,2/1/2026
500099,100031,CW-2022-000032,FL,2022,BI,ADJ_002,18091.01,1253.39,19344.4,0,0,2/1/2026
500100,100032,CW-2023-000033,FL,2023,WC,ADJ_003,32681.86,1500,34181.86,0,0,2/1/2026
500101,100032,CW-2023-000033,FL,2023,BI,ADJ_003,13783.64,13977.62,27761.26,1,0,2/1/2026
500102,100032,CW-2023-000033,FL,2023,BI,ADJ_003,2218.05,26856.97,29075.02,1,0,2/1/2026
500103,100032,CW-2023-000033,FL,2023,BI,ADJ_003,14086.76,16266.47,30353.23,1,0,2/1/2026
500104,100032,CW-2023-000033,FL,2023,BI,ADJ_003,9360.68,63414.98,72775.66,1,0,2/1/2026
500105,100032,CW-2023-000033,FL,2023,PD,ADJ_003,2389.19,5206.71,7595.9,1,0,2/1/2026
500106,100033,CW-2024-000034,TX,2024,MEDPAY,ADJ_001,8192.77,214.36,8407.13,0,0,2/1/2026
500107,100033,CW-2024-000034,TX,2024,BI,ADJ_001,14241.93,19597.2,33839.13,1,0,2/1/2026
500108,100034,CW-2022-000035,WA,2022,PD,ADJ_006,65967.37,1500,67467.37,0,0,2/1/2026
500109,100034,CW-2022-000035,WA,2022,UM,ADJ_006,5469.38,5903.1,11372.48,1,0,2/1/2026
500110,100034,CW-2022-000035,WA,2022,PD,ADJ_006,9063.16,9071.77,18134.93,1,0,2/1/2026
500111,100035,CW-2025-000036,AZ,2025,COMP,ADJ_009,2150.69,5971.12,8121.81,1,0,2/1/2026
500112,100036,CW-2024-000037,IL,2024,UM,ADJ_011,44335.97,1500,45835.97,0,0,2/1/2026
500113,100036,CW-2024-000037,IL,2024,COLL,ADJ_011,9317.42,8414.88,17732.3,1,0,2/1/2026
500114,100036,CW-2024-000037,IL,2024,COMP,ADJ_011,1875.83,1181.64,3057.47,0,0,2/1/2026
500115,100037,CW-2025-000038,TX,2025,BI,ADJ_005,10271.33,1500,11771.33,0,0,2/1/2026
500116,100037,CW-2025-000038,TX,2025,WC,ADJ_005,3207.46,9679.22,12886.68,1,0,2/1/2026
500117,100038,CW-2023-000039,IL,2023,CARGO,ADJ_002,3681.54,581.98,4263.52,0,0,2/1/2026
500118,100038,CW-2023-000039,IL,2023,COMP,ADJ_002,8741.17,1070.08,9811.25,0,0,2/1/2026
500119,100038,CW-2023-000039,IL,2023,BI,ADJ_002,9069.18,32167.1,41236.28,1,0,2/1/2026
500120,100038,CW-2023-000039,IL,2023,PD,ADJ_002,23262.13,8596.07,31858.2,1,0,2/1/2026
500121,100038,CW-2023-000039,IL,2023,BI,ADJ_002,2705.49,5359.78,8065.27,1,0,2/1/2026
500122,100038,CW-2023-000039,IL,2023,BI,ADJ_002,32786.31,72662.58,105448.89,1,1,2/1/2026
500123,100039,CW-2021-000040,NJ,2021,BI,ADJ_010,12353.74,9386.11,21739.85,1,0,2/1/2026
500124,100039,CW-2021-000040,NJ,2021,MEDPAY,ADJ_010,2184.19,3572.35,5756.54,1,0,2/1/2026
500125,100039,CW-2021-000040,NJ,2021,BI,ADJ_010,5749.5,4240.65,9990.15,1,0,2/1/2026
500126,100039,CW-2021-000040,NJ,2021,WC,ADJ_010,4109.7,12178.97,16288.67,1,0,2/1/2026
500127,100039,CW-2021-000040,NJ,2021,PD,ADJ_010,7337.33,20476.78,27814.11,1,0,2/1/2026
500128,100039,CW-2021-000040,NJ,2021,BI,ADJ_010,11547.57,1500,13047.57,0,0,2/1/2026
500129,100040,CW-2024-000041,CA,2024,PD,ADJ_012,1476.65,1564.6,3041.25,1,0,2/1/2026
500130,100040,CW-2024-000041,CA,2024,UM,ADJ_012,39846.49,24545.82,64392.31,1,0,2/1/2026
500131,100040,CW-2024-000041,CA,2024,CARGO,ADJ_012,4976.35,1500,6476.35,0,0,2/1/2026
500132,100040,CW-2024-000041,CA,2024,BI,ADJ_012,10678.62,16205.36,26883.98,1,0,2/1/2026
500133,100041,CW-2023-000042,FL,2023,UM,ADJ_011,123057.25,63192.6,186249.85,1,1,2/1/2026
500134,100041,CW-2023-000042,FL,2023,BI,ADJ_011,15858.32,48339.63,64197.95,1,0,2/1/2026
500135,100041,CW-2023-000042,FL,2023,CARGO,ADJ_011,16563.61,12278.01,28841.62,1,0,2/1/2026
500136,100041,CW-2023-000042,FL,2023,MEDPAY,ADJ_011,5030.95,1500,6530.95,0,0,2/1/2026
500137,100041,CW-2023-000042,FL,2023,PD,ADJ_011,2984.69,7915.04,10899.73,1,0,2/1/2026
500138,100042,CW-2022-000043,IL,2022,PD,ADJ_004,19135.78,31763.24,50899.02,1,0,2/1/2026
500139,100042,CW-2022-000043,IL,2022,WC,ADJ_004,11402.82,34076.59,45479.41,1,0,2/1/2026
500140,100042,CW-2022-000043,IL,2022,UM,ADJ_004,7778.4,963.29,8741.69,0,0,2/1/2026
500141,100042,CW-2022-000043,IL,2022,BI,ADJ_004,13908.92,1500,15408.92,0,0,2/1/2026
500142,100042,CW-2022-000043,IL,2022,MEDPAY,ADJ_004,9550.38,1500,11050.38,0,0,2/1/2026
500143,100043,CW-2025-000044,TX,2025,BI,ADJ_002,4980.64,1098.5,6079.14,0,0,2/1/2026
500144,100043,CW-2025-000044,TX,2025,COMP,ADJ_002,15621.15,1400.75,17021.9,0,0,2/1/2026
500145,100043,CW-2025-000044,TX,2025,PD,ADJ_002,604.86,1039.5,1644.36,1,0,2/1/2026
500146,100043,CW-2025-000044,TX,2025,MEDPAY,ADJ_002,9748.86,3663.46,13412.32,1,0,2/1/2026
500147,100044,CW-2024-000045,NJ,2024,CARGO,ADJ_009,15756.01,27319.36,43075.37,1,0,2/1/2026
500148,100044,CW-2024-000045,NJ,2024,MEDPAY,ADJ_009,1402.34,2414.67,3817.01,1,0,2/1/2026
500149,100044,CW-2024-000045,NJ,2024,BI,ADJ_009,13151.83,1500,14651.83,0,0,2/1/2026
500150,100045,CW-2023-000046,WA,2023,MEDPAY,ADJ_012,2909.67,4655.08,7564.75,1,0,2/1/2026
500151,100045,CW-2023-000046,WA,2023,UM,ADJ_012,26131,76903.75,103034.75,1,1,2/1/2026
500152,100046,CW-2023-000047,CA,2023,COMP,ADJ_008,17064.5,1397.23,18461.73,0,0,2/1/2026
500153,100046,CW-2023-000047,CA,2023,PD,ADJ_008,1890.33,3842.91,5733.24,1,0,2/1/2026
500154,100046,CW-2023-000047,CA,2023,BI,ADJ_008,3825.47,15732.69,19558.16,1,0,2/1/2026
500155,100047,CW-2023-000048,CA,2023,PD,ADJ_001,4215.82,7529.25,11745.07,1,0,2/1/2026
500156,100047,CW-2023-000048,CA,2023,BI,ADJ_001,12493.56,1500,13993.56,0,0,2/1/2026
500157,100047,CW-2023-000048,CA,2023,CARGO,ADJ_001,10671.89,1129.11,11801,0,0,2/1/2026
500158,100047,CW-2023-000048,CA,2023,CARGO,ADJ_001,14282.55,31952.93,46235.48,1,0,2/1/2026
500159,100047,CW-2023-000048,CA,2023,PD,ADJ_001,1981.11,37641.09,39622.2,1,0,2/1/2026
500160,100048,CW-2024-000049,MA,2024,MEDPAY,ADJ_004,13103.49,945.32,14048.81,0,0,2/1/2026
500161,100048,CW-2024-000049,MA,2024,COLL,ADJ_004,2777.5,19293.61,22071.11,1,0,2/1/2026
500162,100048,CW-2024-000049,MA,2024,CARGO,ADJ_004,3648.89,9234.9,12883.79,1,0,2/1/2026
500163,100049,CW-2025-000050,PA,2025,COMP,ADJ_012,2765.76,3683.53,6449.29,1,0,2/1/2026
500164,100050,CW-2025-000051,GA,2025,PD,ADJ_005,18321.75,1500,19821.75,0,0,2/1/2026
500165,100050,CW-2025-000051,GA,2025,COLL,ADJ_005,18040.42,1500,19540.42,0,0,2/1/2026
500166,100050,CW-2025-000051,GA,2025,BI,ADJ_005,6709.55,1500,8209.55,0,0,2/1/2026
500167,100051,CW-2023-000052,NC,2023,UM,ADJ_001,13026.33,1500,14526.33,0,0,2/1/2026
500168,100052,CW-2022-000053,CA,2022,BI,ADJ_001,6994.04,7912.33,14906.37,1,0,2/1/2026
500169,100052,CW-2022-000053,CA,2022,COMP,ADJ_001,32375.37,162.69,32538.06,0,0,2/1/2026
500170,100052,CW-2022-000053,CA,2022,BI,ADJ_001,22948.66,1500,24448.66,0,0,2/1/2026
500171,100052,CW-2022-000053,CA,2022,BI,ADJ_001,10865.37,1500,12365.37,0,0,2/1/2026
500172,100052,CW-2022-000053,CA,2022,PD,ADJ_001,7417.03,2408.32,9825.35,1,0,2/1/2026
500173,100052,CW-2022-000053,CA,2022,PD,ADJ_001,12091.72,11068.94,23160.66,1,0,2/1/2026
500174,100053,CW-2024-000054,TX,2024,UM,ADJ_003,1307.36,3608.06,4915.42,1,0,2/1/2026
500175,100053,CW-2024-000054,TX,2024,PD,ADJ_003,202.02,3838.45,4040.47,1,0,2/1/2026
500176,100053,CW-2024-000054,TX,2024,BI,ADJ_003,31844.58,23027.67,54872.25,1,0,2/1/2026
500177,100053,CW-2024-000054,TX,2024,PD,ADJ_003,9693.06,1500,11193.06,0,0,2/1/2026
500178,100053,CW-2024-000054,TX,2024,UM,ADJ_003,2519.12,546.06,3065.18,0,0,2/1/2026
500179,100054,CW-2023-000055,NC,2023,MEDPAY,ADJ_005,12767.72,1500,14267.72,0,0,2/1/2026
500180,100054,CW-2023-000055,NC,2023,BI,ADJ_005,976.75,3673.72,4650.47,1,0,2/1/2026
500181,100054,CW-2023-000055,NC,2023,BI,ADJ_005,12351.78,62.07,12413.85,0,0,2/1/2026
500182,100054,CW-2023-000055,NC,2023,PD,ADJ_005,1060.73,20153.89,21214.62,1,0,2/1/2026
500183,100054,CW-2023-000055,NC,2023,BI,ADJ_005,29081.98,28379.84,57461.82,1,0,2/1/2026
500184,100054,CW-2023-000055,NC,2023,UM,ADJ_005,5014.06,1089.68,6103.74,0,0,2/1/2026
500185,100055,CW-2022-000056,WA,2022,BI,ADJ_003,26271.39,1500,27771.39,0,0,2/1/2026
500186,100055,CW-2022-000056,WA,2022,MEDPAY,ADJ_003,1918.23,3692.12,5610.35,1,0,2/1/2026
500187,100055,CW-2022-000056,WA,2022,BI,ADJ_003,4760.34,3534.05,8294.39,1,0,2/1/2026
500188,100056,CW-2022-000057,NC,2022,CARGO,ADJ_004,6790.94,8158.04,14948.98,1,0,2/1/2026
500189,100056,CW-2022-000057,NC,2022,COMP,ADJ_004,2736.66,4519.38,7256.04,1,0,2/1/2026
500190,100056,CW-2022-000057,NC,2022,CARGO,ADJ_004,4126.36,8326.15,12452.51,1,0,2/1/2026
500191,100057,CW-2022-000058,NY,2022,BI,ADJ_008,21594.78,42643.27,64238.05,1,0,2/1/2026
500192,100057,CW-2022-000058,NY,2022,COMP,ADJ_008,1216.13,2034.97,3251.1,1,0,2/1/2026
500193,100057,CW-2022-000058,NY,2022,PD,ADJ_008,6592.14,395.17,6987.31,0,0,2/1/2026
500194,100057,CW-2022-000058,NY,2022,COLL,ADJ_008,84940.99,1500,86440.99,0,0,2/1/2026
500195,100058,CW-2024-000059,IL,2024,CARGO,ADJ_003,164.7,1929.96,2094.66,1,0,2/1/2026
500196,100058,CW-2024-000059,IL,2024,PD,ADJ_003,14857.75,1500,16357.75,0,0,2/1/2026
500197,100058,CW-2024-000059,IL,2024,MEDPAY,ADJ_003,4748.11,4643.3,9391.41,1,0,2/1/2026
500198,100059,CW-2021-000060,GA,2021,UM,ADJ_004,7278.45,8459.67,15738.12,1,0,2/1/2026
500199,100059,CW-2021-000060,GA,2021,PD,ADJ_004,25803.57,66539.7,92343.27,1,0,2/1/2026
500200,100060,CW-2024-000061,NY,2024,PD,ADJ_010,583.19,2882.22,3465.41,1,0,2/1/2026
500201,100060,CW-2024-000061,NY,2024,CARGO,ADJ_010,9684.21,6017.67,15701.88,1,0,2/1/2026
500202,100061,CW-2022-000062,WA,2022,COLL,ADJ_006,50245.22,23683.15,73928.37,1,0,2/1/2026
500203,100061,CW-2022-000062,WA,2022,BI,ADJ_006,13710.09,1500,15210.09,0,0,2/1/2026
500204,100061,CW-2022-000062,WA,2022,WC,ADJ_006,10061.42,19671.4,29732.82,1,0,2/1/2026
500205,100061,CW-2022-000062,WA,2022,COLL,ADJ_006,4998.35,8051.05,13049.4,1,0,2/1/2026
500206,100061,CW-2022-000062,WA,2022,BI,ADJ_006,16985.69,132.21,17117.9,0,0,2/1/2026
500207,100061,CW-2022-000062,WA,2022,COLL,ADJ_006,1190,2852.43,4042.43,1,0,2/1/2026
500208,100062,CW-2023-000063,IL,2023,WC,ADJ_006,22644.12,1500,24144.12,0,0,2/1/2026
500209,100062,CW-2023-000063,IL,2023,PD,ADJ_006,10052.92,6008.96,16061.88,1,0,2/1/2026
500210,100063,CW-2022-000064,AZ,2022,UM,ADJ_012,31052.24,156.04,31208.28,0,0,2/1/2026
500211,100063,CW-2022-000064,AZ,2022,BI,ADJ_012,12966.01,1500,14466.01,0,0,2/1/2026
500212,100064,CW-2025-000065,IL,2025,WC,ADJ_009,1483.43,2495.14,3978.57,1,0,2/1/2026
500213,100065,CW-2024-000066,TX,2024,WC,ADJ_003,25652.85,27418.99,53071.84,1,0,2/1/2026
500214,100065,CW-2024-000066,TX,2024,COMP,ADJ_003,8588.35,10220.79,18809.14,1,0,2/1/2026
500215,100065,CW-2024-000066,TX,2024,BI,ADJ_003,7117.46,7694.89,14812.35,1,0,2/1/2026
500216,100065,CW-2024-000066,TX,2024,PD,ADJ_003,5078.87,980.62,6059.49,0,0,2/1/2026
500217,100066,CW-2021-000067,GA,2021,CARGO,ADJ_006,19978.48,17198.77,37177.25,1,0,2/1/2026
500218,100066,CW-2021-000067,GA,2021,BI,ADJ_006,627.56,11923.67,12551.23,1,0,2/1/2026
500219,100066,CW-2021-000067,GA,2021,WC,ADJ_006,8854.03,1500,10354.03,0,0,2/1/2026
500220,100066,CW-2021-000067,GA,2021,UM,ADJ_006,64431.59,1500,65931.59,0,0,2/1/2026
500221,100066,CW-2021-000067,GA,2021,BI,ADJ_006,6157.27,1358.87,7516.14,0,0,2/1/2026
500222,100066,CW-2021-000067,GA,2021,PD,ADJ_006,3423.08,2077.44,5500.52,1,0,2/1/2026
500223,100067,CW-2025-000068,IL,2025,BI,ADJ_010,42422.72,69245.75,111668.47,1,1,2/1/2026
500224,100067,CW-2025-000068,IL,2025,PD,ADJ_010,6276.3,1156.21,7432.51,0,0,2/1/2026
500225,100068,CW-2022-000069,TX,2022,PD,ADJ_010,1130.31,10050,11180.31,1,0,2/1/2026
500226,100068,CW-2022-000069,TX,2022,COMP,ADJ_010,6098.59,2151.25,8249.84,1,0,2/1/2026
500227,100068,CW-2022-000069,TX,2022,BI,ADJ_010,4437.23,19029.72,23466.95,1,0,2/1/2026
500228,100069,CW-2022-000070,TX,2022,BI,ADJ_007,12875.88,64.7,12940.58,0,0,2/1/2026
500229,100069,CW-2022-000070,TX,2022,COMP,ADJ_007,7990.02,10728.11,18718.13,1,0,2/1/2026
500230,100069,CW-2022-000070,TX,2022,BI,ADJ_007,25901.57,1500,27401.57,0,0,2/1/2026
500231,100069,CW-2022-000070,TX,2022,PD,ADJ_007,1335.39,25372.49,26707.88,1,0,2/1/2026
500232,100069,CW-2022-000070,TX,2022,CARGO,ADJ_007,28714.54,1500,30214.54,0,0,2/1/2026
500233,100069,CW-2022-000070,TX,2022,BI,ADJ_007,18717.63,1500,20217.63,0,0,2/1/2026
500234,100070,CW-2022-000071,NY,2022,UM,ADJ_008,8767.8,1500,10267.8,0,0,2/1/2026
500235,100071,CW-2023-000072,NY,2023,BI,ADJ_003,24818.17,1500,26318.17,0,0,2/1/2026
500236,100072,CW-2023-000073,FL,2023,BI,ADJ_007,16978.35,15905.88,32884.23,1,0,2/1/2026
500237,100072,CW-2023-000073,FL,2023,PD,ADJ_007,11068.34,1500,12568.34,0,0,2/1/2026
500238,100073,CW-2023-000074,CO,2023,COLL,ADJ_005,8635.78,10795.72,19431.5,1,0,2/1/2026
500239,100073,CW-2023-000074,CO,2023,BI,ADJ_005,4443.22,21522.21,25965.43,1,0,2/1/2026
500240,100073,CW-2023-000074,CO,2023,BI,ADJ_005,3563.97,530.2,4094.17,0,0,2/1/2026
500241,100073,CW-2023-000074,CO,2023,COMP,ADJ_005,10962.63,1500,12462.63,0,0,2/1/2026
500242,100074,CW-2023-000075,TX,2023,WC,ADJ_005,20120.62,1500,21620.62,0,0,2/1/2026
500243,100074,CW-2023-000075,TX,2023,COLL,ADJ_005,40920.11,1500,42420.11,0,0,2/1/2026
500244,100074,CW-2023-000075,TX,2023,MEDPAY,ADJ_005,1911.15,663.36,2574.51,0,0,2/1/2026
500245,100075,CW-2025-000076,NJ,2025,UM,ADJ_008,43521.34,42994.89,86516.23,1,0,2/1/2026
500246,100075,CW-2025-000076,NJ,2025,UM,ADJ_008,27555.4,56404.82,83960.22,1,0,2/1/2026
500247,100075,CW-2025-000076,NJ,2025,PD,ADJ_008,76513.31,1500,78013.31,0,0,2/1/2026
500248,100075,CW-2025-000076,NJ,2025,CARGO,ADJ_008,81855.83,1500,83355.83,0,0,2/1/2026
500249,100075,CW-2025-000076,NJ,2025,WC,ADJ_008,21994.78,36500.88,58495.66,1,0,2/1/2026
500250,100075,CW-2025-000076,NJ,2025,BI,ADJ_008,21729.91,24862.14,46592.05,1,0,2/1/2026
500251,100076,CW-2025-000077,CA,2025,COLL,ADJ_007,9987.44,5374.68,15362.12,1,0,2/1/2026
500252,100076,CW-2025-000077,CA,2025,BI,ADJ_007,14964.84,1500,16464.84,0,0,2/1/2026
500253,100077,CW-2023-000078,CA,2023,COLL,ADJ_010,3088.92,1646.31,4735.23,1,0,2/1/2026
500254,100077,CW-2023-000078,CA,2023,PD,ADJ_010,23517.01,151968.49,175485.5,1,1,2/1/2026
500255,100077,CW-2023-000078,CA,2023,BI,ADJ_010,7346.23,1500,8846.23,0,0,2/1/2026
500256,100077,CW-2023-000078,CA,2023,CARGO,ADJ_010,255.24,1450.86,1706.1,1,0,2/1/2026
500257,100077,CW-2023-000078,CA,2023,BI,ADJ_010,8641.8,9947.08,18588.88,1,0,2/1/2026
500258,100078,CW-2024-000079,NC,2024,BI,ADJ_007,11471.97,9403.93,20875.9,1,0,2/1/2026
500259,100078,CW-2024-000079,NC,2024,COLL,ADJ_007,14946.89,15958.92,30905.81,1,0,2/1/2026
500260,100078,CW-2024-000079,NC,2024,PD,ADJ_007,8329.92,1500,9829.92,0,0,2/1/2026
500261,100079,CW-2021-000080,GA,2021,PD,ADJ_011,2984.23,15087.75,18071.98,1,0,2/1/2026
500262,100079,CW-2021-000080,GA,2021,PD,ADJ_011,1721.52,14310.75,16032.27,1,0,2/1/2026
500263,100079,CW-2021-000080,GA,2021,PD,ADJ_011,9010.6,39082.95,48093.55,1,0,2/1/2026
500264,100079,CW-2021-000080,GA,2021,UM,ADJ_011,18680.99,1391.9,20072.89,0,0,2/1/2026
500265,100080,CW-2023-000081,TX,2023,COLL,ADJ_008,6225.85,7243.28,13469.13,1,0,2/1/2026
500266,100080,CW-2023-000081,TX,2023,MEDPAY,ADJ_008,1924.53,1410.07,3334.6,0,0,2/1/2026
500267,100080,CW-2023-000081,TX,2023,PD,ADJ_008,13491.62,1500,14991.62,0,0,2/1/2026
500268,100081,CW-2024-000082,TX,2024,BI,ADJ_002,2729.53,14953.02,17682.55,1,0,2/1/2026
500269,100081,CW-2024-000082,TX,2024,MEDPAY,ADJ_002,3830.14,1136.53,4966.67,0,0,2/1/2026
500270,100081,CW-2024-000082,TX,2024,WC,ADJ_002,13729.79,15682.45,29412.24,1,0,2/1/2026
500271,100081,CW-2024-000082,TX,2024,MEDPAY,ADJ_002,1436.45,2594.26,4030.71,1,0,2/1/2026
500272,100082,CW-2023-000083,WA,2023,PD,ADJ_007,4990.72,1500,6490.72,0,0,2/1/2026
500273,100082,CW-2023-000083,WA,2023,MEDPAY,ADJ_007,10078.67,1500,11578.67,0,0,2/1/2026
500274,100082,CW-2023-000083,WA,2023,PD,ADJ_007,585.33,3142.76,3728.09,1,0,2/1/2026
500275,100082,CW-2023-000083,WA,2023,BI,ADJ_007,46366.81,1500,47866.81,0,0,2/1/2026
500276,100082,CW-2023-000083,WA,2023,BI,ADJ_007,6367.88,1500,7867.88,0,0,2/1/2026
500277,100082,CW-2023-000083,WA,2023,PD,ADJ_007,13483.1,1500,14983.1,0,0,2/1/2026
500278,100083,CW-2024-000084,NY,2024,UM,ADJ_008,7889.02,6094.27,13983.29,1,0,2/1/2026
500279,100083,CW-2024-000084,NY,2024,COLL,ADJ_008,1542.47,1832.57,3375.04,1,0,2/1/2026
500280,100084,CW-2025-000085,AZ,2025,COMP,ADJ_010,2032.93,2866.14,4899.07,1,0,2/1/2026
500281,100084,CW-2025-000085,AZ,2025,CARGO,ADJ_010,5996.36,85.08,6081.44,0,0,2/1/2026
500282,100084,CW-2025-000085,AZ,2025,PD,ADJ_010,8100.12,19273.74,27373.86,1,0,2/1/2026
500283,100084,CW-2025-000085,AZ,2025,CARGO,ADJ_010,1795.93,8672.58,10468.51,1,0,2/1/2026
500284,100085,CW-2024-000086,PA,2024,BI,ADJ_009,25060.62,30927.39,55988.01,1,0,2/1/2026
500285,100085,CW-2024-000086,PA,2024,WC,ADJ_009,4333.08,82328.51,86661.59,1,0,2/1/2026
500286,100085,CW-2024-000086,PA,2024,BI,ADJ_009,17270.41,1500,18770.41,0,0,2/1/2026
500287,100085,CW-2024-000086,PA,2024,CARGO,ADJ_009,11427.4,285.85,11713.25,0,0,2/1/2026
500288,100085,CW-2024-000086,PA,2024,CARGO,ADJ_009,26352.99,1500,27852.99,0,0,2/1/2026
500289,100085,CW-2024-000086,PA,2024,COLL,ADJ_009,7603.57,18207.53,25811.1,1,0,2/1/2026
500290,100086,CW-2022-000087,WA,2022,PD,ADJ_009,5659.69,497.08,6156.77,0,0,2/1/2026
500291,100086,CW-2022-000087,WA,2022,MEDPAY,ADJ_009,8179.67,41.1,8220.77,0,0,2/1/2026
500292,100086,CW-2022-000087,WA,2022,PD,ADJ_009,8481.02,1500,9981.02,0,0,2/1/2026
500293,100087,CW-2025-000088,CA,2025,PD,ADJ_012,458.45,693.82,1152.27,1,0,2/1/2026
500294,100087,CW-2025-000088,CA,2025,COLL,ADJ_012,1523.78,3823.67,5347.45,1,0,2/1/2026
500295,100087,CW-2025-000088,CA,2025,COLL,ADJ_012,3512.36,7242.56,10754.92,1,0,2/1/2026
500296,100088,CW-2023-000089,CA,2023,PD,ADJ_011,13966.26,28230.26,42196.52,1,0,2/1/2026
500297,100088,CW-2023-000089,CA,2023,COLL,ADJ_011,1513.99,2196.14,3710.13,1,0,2/1/2026
500298,100089,CW-2022-000090,PA,2022,COMP,ADJ_005,2199.87,429.22,2629.09,0,0,2/1/2026
500299,100089,CW-2022-000090,PA,2022,COLL,ADJ_005,23772.02,1500,25272.02,0,0,2/1/2026
500300,100090,CW-2025-000091,AZ,2025,PD,ADJ_005,29735.83,42977.92,72713.75,1,0,2/1/2026
500301,100090,CW-2025-000091,AZ,2025,COMP,ADJ_005,16025.06,1500,17525.06,0,0,2/1/2026
500302,100090,CW-2025-000091,AZ,2025,COLL,ADJ_005,18527.89,1500,20027.89,0,0,2/1/2026
500303,100091,CW-2022-000092,WA,2022,PD,ADJ_011,10181.66,1500,11681.66,0,0,2/1/2026
500304,100091,CW-2022-000092,WA,2022,BI,ADJ_011,18777.55,1500,20277.55,0,0,2/1/2026
500305,100091,CW-2022-000092,WA,2022,COLL,ADJ_011,11089.32,1500,12589.32,0,0,2/1/2026
500306,100092,CW-2024-000093,NJ,2024,UM,ADJ_006,2065.13,6554.25,8619.38,1,0,2/1/2026
500307,100092,CW-2024-000093,NJ,2024,BI,ADJ_006,29935.41,77991.99,107927.4,1,1,2/1/2026
500308,100092,CW-2024-000093,NJ,2024,BI,ADJ_006,3543.92,1500,5043.92,0,0,2/1/2026
500309,100092,CW-2024-000093,NJ,2024,WC,ADJ_006,4654.89,25717.21,30372.1,1,0,2/1/2026
500310,100092,CW-2024-000093,NJ,2024,PD,ADJ_006,5671.45,35351.82,41023.27,1,0,2/1/2026
500311,100093,CW-2021-000094,IL,2021,PD,ADJ_007,8135.84,24815.13,32950.97,1,0,2/1/2026
500312,100093,CW-2021-000094,IL,2021,BI,ADJ_007,36428.3,1500,37928.3,0,0,2/1/2026
500313,100093,CW-2021-000094,IL,2021,PD,ADJ_007,12404.96,1500,13904.96,0,0,2/1/2026
500314,100094,CW-2024-000095,OH,2024,PD,ADJ_003,1949.24,5215.97,7165.21,1,0,2/1/2026
500315,100094,CW-2024-000095,OH,2024,BI,ADJ_003,4574.42,2181.24,6755.66,1,0,2/1/2026
500316,100094,CW-2024-000095,OH,2024,WC,ADJ_003,7747.05,11681.81,19428.86,1,0,2/1/2026
500317,100094,CW-2024-000095,OH,2024,PD,ADJ_003,4147.32,7930.06,12077.38,1,0,2/1/2026
500318,100095,CW-2023-000096,PA,2023,BI,ADJ_007,52456.08,48431.71,100887.79,1,1,2/1/2026
500319,100095,CW-2023-000096,PA,2023,UM,ADJ_007,8611.21,8491.33,17102.54,1,0,2/1/2026
500320,100095,CW-2023-000096,PA,2023,BI,ADJ_007,1648.4,667.68,2316.08,0,0,2/1/2026
500321,100095,CW-2023-000096,PA,2023,CARGO,ADJ_007,5223.53,37401.64,42625.17,1,0,2/1/2026
500322,100095,CW-2023-000096,PA,2023,PD,ADJ_007,20191.34,10557.92,30749.26,1,0,2/1/2026
500323,100096,CW-2024-000097,IL,2024,BI,ADJ_011,26930.16,1500,28430.16,0,0,2/1/2026
500324,100096,CW-2024-000097,IL,2024,COMP,ADJ_011,11217.81,1500,12717.81,0,0,2/1/2026
500325,100096,CW-2024-000097,IL,2024,PD,ADJ_011,15701.44,1500,17201.44,0,0,2/1/2026
500326,100096,CW-2024-000097,IL,2024,BI,ADJ_011,128017.67,1500,129517.67,0,1,2/1/2026
500327,100096,CW-2024-000097,IL,2024,COMP,ADJ_011,9421.89,1500,10921.89,0,0,2/1/2026
500328,100096,CW-2024-000097,IL,2024,PD,ADJ_011,908.49,2352.79,3261.28,1,0,2/1/2026
500329,100097,CW-2024-000098,FL,2024,PD,ADJ_002,5074.1,5971.83,11045.93,1,0,2/1/2026
500330,100097,CW-2024-000098,FL,2024,COLL,ADJ_002,3950.66,137.16,4087.82,0,0,2/1/2026
500331,100098,CW-2024-000099,TX,2024,PD,ADJ_008,17898.61,12551.3,30449.91,1,0,2/1/2026
500332,100098,CW-2024-000099,TX,2024,BI,ADJ_008,25960.59,1500,27460.59,0,0,2/1/2026
500333,100098,CW-2024-000099,TX,2024,COMP,ADJ_008,4359.7,5269.11,9628.81,1,0,2/1/2026
500334,100098,CW-2024-000099,TX,2024,COLL,ADJ_008,1055.13,2829.64,3884.77,1,0,2/1/2026
500335,100098,CW-2024-000099,TX,2024,PD,ADJ_008,5911.87,1500,7411.87,0,0,2/1/2026
500336,100099,CW-2022-000100,GA,2022,CARGO,ADJ_007,22241.45,1500,23741.45,0,0,2/1/2026
500337,100099,CW-2022-000100,GA,2022,MEDPAY,ADJ_007,14284.45,1500,15784.45,0,0,2/1/2026
500338,100100,CW-2024-000101,GA,2024,BI,ADJ_003,11825.44,19669.34,31494.78,1,0,2/1/2026
500339,100100,CW-2024-000101,GA,2024,BI,ADJ_003,11845.32,1489.25,13334.57,0,0,2/1/2026
500340,100100,CW-2024-000101,GA,2024,PD,ADJ_003,1631.86,12613.15,14245.01,1,0,2/1/2026
500341,100100,CW-2024-000101,GA,2024,BI,ADJ_003,10991.68,36819.96,47811.64,1,0,2/1/2026
500342,100101,CW-2023-000102,CA,2023,BI,ADJ_012,8372.03,15325.47,23697.5,1,0,2/1/2026
500343,100101,CW-2023-000102,CA,2023,BI,ADJ_012,6805.92,1500,8305.92,0,0,2/1/2026
500344,100102,CW-2022-000103,NC,2022,COLL,ADJ_001,6777.84,1500,8277.84,0,0,2/1/2026
500345,100102,CW-2022-000103,NC,2022,UM,ADJ_001,6097.52,1500,7597.52,0,0,2/1/2026
500346,100103,CW-2024-000104,CA,2024,COLL,ADJ_003,2693.35,4345.62,7038.97,1,0,2/1/2026
500347,100103,CW-2024-000104,CA,2024,UM,ADJ_003,1912.01,4618.26,6530.27,1,0,2/1/2026
500348,100103,CW-2024-000104,CA,2024,BI,ADJ_003,3627.34,27685.89,31313.23,1,0,2/1/2026
500349,100104,CW-2022-000105,NJ,2022,WC,ADJ_004,2824.35,634.82,3459.17,0,0,2/1/2026
500350,100104,CW-2022-000105,NJ,2022,PD,ADJ_004,2302.15,21600.5,23902.65,1,0,2/1/2026
500351,100104,CW-2022-000105,NJ,2022,PD,ADJ_004,4677.75,1932.92,6610.67,1,0,2/1/2026
500352,100104,CW-2022-000105,NJ,2022,PD,ADJ_004,5080.32,1460.74,6541.06,0,0,2/1/2026
500353,100104,CW-2022-000105,NJ,2022,PD,ADJ_004,817.33,7982.8,8800.13,1,0,2/1/2026
500354,100104,CW-2022-000105,NJ,2022,COMP,ADJ_004,5052.88,1500,6552.88,0,0,2/1/2026
500355,100105,CW-2024-000106,IL,2024,BI,ADJ_011,3441.2,32674.75,36115.95,1,0,2/1/2026
500356,100105,CW-2024-000106,IL,2024,PD,ADJ_011,580.51,11029.71,11610.22,1,0,2/1/2026
500357,100106,CW-2025-000107,CA,2025,COLL,ADJ_003,2916.6,6029.34,8945.94,1,0,2/1/2026
500358,100106,CW-2025-000107,CA,2025,COLL,ADJ_003,1306.04,4838.56,6144.6,1,0,2/1/2026
500359,100107,CW-2024-000108,IL,2024,COLL,ADJ_002,25134.68,30484.35,55619.03,1,0,2/1/2026
500360,100107,CW-2024-000108,IL,2024,UM,ADJ_002,65315.78,1500,66815.78,0,0,2/1/2026
500361,100107,CW-2024-000108,IL,2024,PD,ADJ_002,5176.45,9015.26,14191.71,1,0,2/1/2026
500362,100108,CW-2022-000109,CO,2022,PD,ADJ_001,4109.62,2750.63,6860.25,1,0,2/1/2026
500363,100108,CW-2022-000109,CO,2022,UM,ADJ_001,59746.92,1500,61246.92,0,0,2/1/2026
500364,100108,CW-2022-000109,CO,2022,PD,ADJ_001,9096.74,1500,10596.74,0,0,2/1/2026
500365,100109,CW-2025-000110,IL,2025,WC,ADJ_001,7999.92,12888.52,20888.44,1,0,2/1/2026
500366,100109,CW-2025-000110,IL,2025,WC,ADJ_001,2628.35,2492.56,5120.91,1,0,2/1/2026
500367,100109,CW-2025-000110,IL,2025,UM,ADJ_001,8419.55,12780.21,21199.76,1,0,2/1/2026
500368,100110,CW-2021-000111,NC,2021,BI,ADJ_006,18139.11,91.15,18230.26,0,0,2/1/2026
500369,100110,CW-2021-000111,NC,2021,MEDPAY,ADJ_006,5139.37,12066.73,17206.1,1,0,2/1/2026
500370,100110,CW-2021-000111,NC,2021,WC,ADJ_006,37157.63,186.72,37344.35,0,0,2/1/2026
500371,100110,CW-2021-000111,NC,2021,CARGO,ADJ_006,7294.21,36.65,7330.86,0,0,2/1/2026
500372,100111,CW-2024-000112,NJ,2024,BI,ADJ_011,16131.52,24077.98,40209.5,1,0,2/1/2026
500373,100111,CW-2024-000112,NJ,2024,WC,ADJ_011,3979.45,361.95,4341.4,0,0,2/1/2026
500374,100111,CW-2024-000112,NJ,2024,BI,ADJ_011,30899.09,1500,32399.09,0,0,2/1/2026
500375,100112,CW-2023-000113,IL,2023,PD,ADJ_009,5997.32,476.16,6473.48,0,0,2/1/2026
500376,100112,CW-2023-000113,IL,2023,BI,ADJ_009,2156.17,1085.61,3241.78,0,0,2/1/2026
500377,100112,CW-2023-000113,IL,2023,BI,ADJ_009,12254.73,1500,13754.73,0,0,2/1/2026
500378,100112,CW-2023-000113,IL,2023,PD,ADJ_009,296.45,4713.98,5010.43,1,0,2/1/2026
500379,100113,CW-2024-000114,TN,2024,PD,ADJ_012,18942.63,8027.17,26969.8,1,0,2/1/2026
500380,100113,CW-2024-000114,TN,2024,CARGO,ADJ_012,2666.65,15007,17673.65,1,0,2/1/2026
500381,100114,CW-2024-000115,AZ,2024,PD,ADJ_004,4592.1,14382.56,18974.66,1,0,2/1/2026
500382,100114,CW-2024-000115,AZ,2024,CARGO,ADJ_004,10965.81,39421.4,50387.21,1,0,2/1/2026
500383,100114,CW-2024-000115,AZ,2024,MEDPAY,ADJ_004,8638.41,7660.42,16298.83,1,0,2/1/2026
500384,100115,CW-2024-000116,MA,2024,BI,ADJ_007,11248.1,1500,12748.1,0,0,2/1/2026
500385,100115,CW-2024-000116,MA,2024,COMP,ADJ_007,1228.69,2194.76,3423.45,1,0,2/1/2026
500386,100116,CW-2025-000117,NJ,2025,PD,ADJ_010,6441.66,1500,7941.66,0,0,2/1/2026
500387,100116,CW-2025-000117,NJ,2025,PD,ADJ_010,16582.21,1500,18082.21,0,0,2/1/2026
500388,100116,CW-2025-000117,NJ,2025,CARGO,ADJ_010,5641.59,27760.68,33402.27,1,0,2/1/2026
500389,100116,CW-2025-000117,NJ,2025,UM,ADJ_010,5889.49,19648.4,25537.89,1,0,2/1/2026
500390,100117,CW-2023-000118,TX,2023,BI,ADJ_002,9249.22,6153.72,15402.94,1,0,2/1/2026
500391,100117,CW-2023-000118,TX,2023,UM,ADJ_002,17192.84,1500,18692.84,0,0,2/1/2026
500392,100118,CW-2021-000119,TX,2021,BI,ADJ_004,20096.46,1484.49,21580.95,0,0,2/1/2026
500393,100118,CW-2021-000119,TX,2021,COLL,ADJ_004,783.85,2920.88,3704.73,1,0,2/1/2026
500394,100118,CW-2021-000119,TX,2021,PD,ADJ_004,6325.32,13068.05,19393.37,1,0,2/1/2026
500395,100119,CW-2021-000120,TN,2021,PD,ADJ_004,979.33,1539.51,2518.84,1,0,2/1/2026
500396,100119,CW-2021-000120,TN,2021,BI,ADJ_004,57309.46,1500,58809.46,0,0,2/1/2026
500397,100120,CW-2023-000121,CO,2023,BI,ADJ_011,57265.02,1500,58765.02,0,0,2/1/2026
500398,100120,CW-2023-000121,CO,2023,BI,ADJ_011,94341.14,1500,95841.14,0,0,2/1/2026
500399,100120,CW-2023-000121,CO,2023,BI,ADJ_011,12186.35,31113.23,43299.58,1,0,2/1/2026
500400,100120,CW-2023-000121,CO,2023,BI,ADJ_011,25616.81,34628.37,60245.18,1,0,2/1/2026
500401,100120,CW-2023-000121,CO,2023,BI,ADJ_011,4914.15,16557.79,21471.94,1,0,2/1/2026
500402,100121,CW-2025-000122,NY,2025,BI,ADJ_012,5368.26,726.07,6094.33,0,0,2/1/2026
500403,100121,CW-2025-000122,NY,2025,MEDPAY,ADJ_012,7174.59,1500,8674.59,0,0,2/1/2026
500404,100121,CW-2025-000122,NY,2025,PD,ADJ_012,6690.03,1500,8190.03,0,0,2/1/2026
500405,100122,CW-2021-000123,NJ,2021,BI,ADJ_006,41362.52,1500,42862.52,0,0,2/1/2026
500406,100122,CW-2021-000123,NJ,2021,COLL,ADJ_006,26047.12,86034.36,112081.48,1,1,2/1/2026
500407,100122,CW-2021-000123,NJ,2021,WC,ADJ_006,8039.52,12840.82,20880.34,1,0,2/1/2026
500408,100122,CW-2021-000123,NJ,2021,BI,ADJ_006,727.94,13830.87,14558.81,1,0,2/1/2026
500409,100123,CW-2025-000124,NC,2025,MEDPAY,ADJ_005,18121.76,27561.16,45682.92,1,0,2/1/2026
500410,100123,CW-2025-000124,NC,2025,CARGO,ADJ_005,7595.91,11236.86,18832.77,1,0,2/1/2026
500411,100124,CW-2024-000125,NY,2024,UM,ADJ_004,416.47,4957.64,5374.11,1,0,2/1/2026
500412,100124,CW-2024-000125,NY,2024,MEDPAY,ADJ_004,4570.01,12464.31,17034.32,1,0,2/1/2026
500413,100124,CW-2024-000125,NY,2024,COMP,ADJ_004,8638.57,43.41,8681.98,0,0,2/1/2026
500414,100124,CW-2024-000125,NY,2024,MEDPAY,ADJ_004,519.02,9861.39,10380.41,1,0,2/1/2026
500415,100125,CW-2024-000126,OH,2024,MEDPAY,ADJ_009,2964.64,1500,4464.64,0,0,2/1/2026
500416,100125,CW-2024-000126,OH,2024,BI,ADJ_009,2791.76,3022.42,5814.18,1,0,2/1/2026
500417,100125,CW-2024-000126,OH,2024,BI,ADJ_009,11445.59,3968.64,15414.23,1,0,2/1/2026
500418,100125,CW-2024-000126,OH,2024,PD,ADJ_009,370.03,4759.25,5129.28,1,0,2/1/2026
500419,100126,CW-2024-000127,TX,2024,PD,ADJ_010,3471.74,6896.1,10367.84,1,0,2/1/2026
500420,100126,CW-2024-000127,TX,2024,CARGO,ADJ_010,10701.12,1001.82,11702.94,0,0,2/1/2026
500421,100126,CW-2024-000127,TX,2024,WC,ADJ_010,1169.32,1780.3,2949.62,1,0,2/1/2026
500422,100126,CW-2024-000127,TX,2024,PD,ADJ_010,4322.65,1101.71,5424.36,0,0,2/1/2026
500423,100127,CW-2021-000128,NY,2021,BI,ADJ_008,5302.59,6635,11937.59,1,0,2/1/2026
500424,100127,CW-2021-000128,NY,2021,BI,ADJ_008,1283.49,3031.31,4314.8,1,0,2/1/2026
500425,100127,CW-2021-000128,NY,2021,MEDPAY,ADJ_008,3706.75,747.28,4454.03,0,0,2/1/2026
500426,100127,CW-2021-000128,NY,2021,PD,ADJ_008,6427.18,6199.53,12626.71,1,0,2/1/2026
500427,100127,CW-2021-000128,NY,2021,BI,ADJ_008,2041.22,286.15,2327.37,0,0,2/1/2026
500428,100128,CW-2023-000129,NY,2023,BI,ADJ_001,12813.32,51486.93,64300.25,1,0,2/1/2026
500429,100128,CW-2023-000129,NY,2023,WC,ADJ_001,7273.45,19260.8,26534.25,1,0,2/1/2026
500430,100128,CW-2023-000129,NY,2023,COLL,ADJ_001,3735.41,821,4556.41,0,0,2/1/2026
500431,100129,CW-2024-000130,NY,2024,COLL,ADJ_010,6809.55,1500,8309.55,0,0,2/1/2026
500432,100129,CW-2024-000130,NY,2024,BI,ADJ_010,10795.58,1500,12295.58,0,0,2/1/2026
500433,100129,CW-2024-000130,NY,2024,BI,ADJ_010,3930.1,8870.43,12800.53,1,0,2/1/2026
500434,100130,CW-2022-000131,MA,2022,MEDPAY,ADJ_010,44941.04,1500,46441.04,0,0,2/1/2026
500435,100130,CW-2022-000131,MA,2022,COMP,ADJ_010,2190.8,884.15,3074.95,1,0,2/1/2026
500436,100130,CW-2022-000131,MA,2022,CARGO,ADJ_010,9641.68,1329.22,10970.9,0,0,2/1/2026
500437,100130,CW-2022-000131,MA,2022,WC,ADJ_010,12169.73,18248.27,30418,1,0,2/1/2026
500438,100130,CW-2022-000131,MA,2022,BI,ADJ_010,42816.94,215.16,43032.1,0,0,2/1/2026
500439,100130,CW-2022-000131,MA,2022,BI,ADJ_010,4358.79,974.54,5333.33,0,0,2/1/2026
500440,100131,CW-2024-000132,TX,2024,BI,ADJ_006,3615.47,12419.01,16034.48,1,0,2/1/2026
500441,100132,CW-2024-000133,CO,2024,CARGO,ADJ_002,4535.92,4875.58,9411.5,1,0,2/1/2026
500442,100133,CW-2025-000134,IL,2025,BI,ADJ_006,13277.94,1303.11,14581.05,0,0,2/1/2026
500443,100133,CW-2025-000134,IL,2025,BI,ADJ_006,4081.54,1374.75,5456.29,0,0,2/1/2026
500444,100133,CW-2025-000134,IL,2025,BI,ADJ_006,25467.11,1079.3,26546.41,0,0,2/1/2026
500445,100134,CW-2025-000135,NJ,2025,CARGO,ADJ_011,61510.2,309.1,61819.3,0,0,2/1/2026
500446,100134,CW-2025-000135,NJ,2025,BI,ADJ_011,24902.71,1500,26402.71,0,0,2/1/2026
500447,100134,CW-2025-000135,NJ,2025,BI,ADJ_011,1905.31,36200.88,38106.19,1,0,2/1/2026
500448,100134,CW-2025-000135,NJ,2025,PD,ADJ_011,4827.94,13920.63,18748.57,1,0,2/1/2026
500449,100134,CW-2025-000135,NJ,2025,PD,ADJ_011,12517.74,1500,14017.74,0,0,2/1/2026
500450,100134,CW-2025-000135,NJ,2025,MEDPAY,ADJ_011,23426.22,21227.45,44653.67,1,0,2/1/2026
500451,100135,CW-2024-000136,CA,2024,PD,ADJ_001,18317.33,25819.33,44136.66,1,0,2/1/2026
500452,100135,CW-2024-000136,CA,2024,BI,ADJ_001,8015.63,14870.95,22886.58,1,0,2/1/2026
500453,100135,CW-2024-000136,CA,2024,BI,ADJ_001,4045.92,9287.4,13333.32,1,0,2/1/2026
500454,100136,CW-2021-000137,PA,2021,BI,ADJ_008,3600.16,4427.72,8027.88,1,0,2/1/2026
500455,100136,CW-2021-000137,PA,2021,PD,ADJ_008,10261.53,1500,11761.53,0,0,2/1/2026
500456,100136,CW-2021-000137,PA,2021,BI,ADJ_008,4060.41,1500,5560.41,0,0,2/1/2026
500457,100136,CW-2021-000137,PA,2021,CARGO,ADJ_008,4090.99,5349.95,9440.94,1,0,2/1/2026
500458,100137,CW-2022-000138,CO,2022,COLL,ADJ_001,27893.13,1500,29393.13,0,0,2/1/2026
500459,100138,CW-2021-000139,CA,2021,COMP,ADJ_007,32055.67,1500,33555.67,0,0,2/1/2026
500460,100138,CW-2021-000139,CA,2021,BI,ADJ_007,29182.99,1500,30682.99,0,0,2/1/2026
500461,100138,CW-2021-000139,CA,2021,BI,ADJ_007,9229.93,165.68,9395.61,0,0,2/1/2026
500462,100138,CW-2021-000139,CA,2021,PD,ADJ_007,7413.82,1098.27,8512.09,0,0,2/1/2026
500463,100138,CW-2021-000139,CA,2021,PD,ADJ_007,13587.04,1500,15087.04,0,0,2/1/2026
500464,100139,CW-2024-000140,GA,2024,BI,ADJ_002,26946.08,1500,28446.08,0,0,2/1/2026
500465,100139,CW-2024-000140,GA,2024,BI,ADJ_002,5547.15,576.46,6123.61,0,0,2/1/2026
500466,100140,CW-2024-000141,NY,2024,PD,ADJ_006,6958.1,1036.39,7994.49,0,0,2/1/2026
500467,100140,CW-2024-000141,NY,2024,BI,ADJ_006,3494.36,4808.36,8302.72,1,0,2/1/2026
500468,100141,CW-2023-000142,AZ,2023,UM,ADJ_012,6031.74,8269.14,14300.88,1,0,2/1/2026
500469,100141,CW-2023-000142,AZ,2023,CARGO,ADJ_012,4379.58,103.93,4483.51,0,0,2/1/2026
500470,100141,CW-2023-000142,AZ,2023,COLL,ADJ_012,4465.91,323.47,4789.38,0,0,2/1/2026
500471,100142,CW-2023-000143,CA,2023,COMP,ADJ_011,6640.8,1500,8140.8,0,0,2/1/2026
500472,100142,CW-2023-000143,CA,2023,BI,ADJ_011,2736.61,14405.38,17141.99,1,0,2/1/2026
500473,100142,CW-2023-000143,CA,2023,PD,ADJ_011,13072.39,1500,14572.39,0,0,2/1/2026
500474,100142,CW-2023-000143,CA,2023,PD,ADJ_011,8152.51,1500,9652.51,0,0,2/1/2026
500475,100142,CW-2023-000143,CA,2023,BI,ADJ_011,5232.66,99420.62,104653.28,1,1,2/1/2026
500476,100142,CW-2023-000143,CA,2023,BI,ADJ_011,7681.74,739.45,8421.19,0,0,2/1/2026
500477,100143,CW-2022-000144,OH,2022,BI,ADJ_010,2936.53,5801.95,8738.48,1,0,2/1/2026
500478,100143,CW-2022-000144,OH,2022,PD,ADJ_010,6073.28,2560.06,8633.34,1,0,2/1/2026
500479,100143,CW-2022-000144,OH,2022,BI,ADJ_010,9614.74,30400.68,40015.42,1,0,2/1/2026
500480,100144,CW-2023-000145,GA,2023,CARGO,ADJ_006,147.64,2506.22,2653.86,1,0,2/1/2026
500481,100144,CW-2023-000145,GA,2023,WC,ADJ_006,33636.34,1500,35136.34,0,0,2/1/2026
500482,100144,CW-2023-000145,GA,2023,PD,ADJ_006,12151.86,1500,13651.86,0,0,2/1/2026
500483,100144,CW-2023-000145,GA,2023,BI,ADJ_006,16901.3,1500,18401.3,0,0,2/1/2026
500484,100145,CW-2025-000146,CA,2025,BI,ADJ_003,39468.03,1500,40968.03,0,0,2/1/2026
500485,100145,CW-2025-000146,CA,2025,COMP,ADJ_003,1282.75,1067.71,2350.46,1,0,2/1/2026
500486,100145,CW-2025-000146,CA,2025,PD,ADJ_003,15854.4,1500,17354.4,0,0,2/1/2026
500487,100146,CW-2023-000147,TX,2023,BI,ADJ_006,14918.48,1500,16418.48,0,0,2/1/2026
500488,100146,CW-2023-000147,TX,2023,COLL,ADJ_006,13128.85,8461.04,21589.89,1,0,2/1/2026
500489,100146,CW-2023-000147,TX,2023,PD,ADJ_006,2301.75,2870.24,5171.99,1,0,2/1/2026
500490,100147,CW-2023-000148,FL,2023,COLL,ADJ_011,36110.53,181.46,36291.99,0,0,2/1/2026
500491,100147,CW-2023-000148,FL,2023,PD,ADJ_011,9975.91,1301.75,11277.66,0,0,2/1/2026
500492,100147,CW-2023-000148,FL,2023,PD,ADJ_011,3927.07,110.34,4037.41,0,0,2/1/2026
500493,100148,CW-2025-000149,MA,2025,BI,ADJ_009,2738.85,13860.34,16599.19,1,0,2/1/2026
500494,100148,CW-2025-000149,MA,2025,BI,ADJ_009,29868.46,1500,31368.46,0,0,2/1/2026
500495,100148,CW-2025-000149,MA,2025,BI,ADJ_009,4390.76,8331.45,12722.21,1,0,2/1/2026
500496,100149,CW-2024-000150,AZ,2024,BI,ADJ_007,3269,62111.01,65380.01,1,0,2/1/2026
500497,100149,CW-2024-000150,AZ,2024,COMP,ADJ_007,11817.99,1500,13317.99,0,0,2/1/2026
500498,100150,CW-2024-000151,PA,2024,UM,ADJ_010,27879.55,1500,29379.55,0,0,2/1/2026
500499,100150,CW-2024-000151,PA,2024,PD,ADJ_010,26398.48,94734.06,121132.54,1,1,2/1/2026
500500,100150,CW-2024-000151,PA,2024,BI,ADJ_010,24122.12,1386.67,25508.79,0,0,2/1/2026
500501,100150,CW-2024-000151,PA,2024,PD,ADJ_010,24624.22,10391.91,35016.13,1,0,2/1/2026
500502,100151,CW-2021-000152,NJ,2021,BI,ADJ_006,7394.68,22029.81,29424.49,1,0,2/1/2026
500503,100151,CW-2021-000152,NJ,2021,BI,ADJ_006,1782.4,5460.02,7242.42,1,0,2/1/2026
500504,100151,CW-2021-000152,NJ,2021,PD,ADJ_006,2549.83,1030.37,3580.2,1,0,2/1/2026
500505,100152,CW-2023-000153,TX,2023,PD,ADJ_008,15686.98,1413,17099.98,0,0,2/1/2026
500506,100152,CW-2023-000153,TX,2023,WC,ADJ_008,3471.15,15969.74,19440.89,1,0,2/1/2026
500507,100152,CW-2023-000153,TX,2023,PD,ADJ_008,2630.38,5865.57,8495.95,1,0,2/1/2026
500508,100153,CW-2023-000154,NY,2023,COLL,ADJ_007,1423.92,3092.64,4516.56,1,0,2/1/2026
500509,100153,CW-2023-000154,NY,2023,UM,ADJ_007,58972.78,1500,60472.78,0,0,2/1/2026
500510,100153,CW-2023-000154,NY,2023,UM,ADJ_007,12708.57,30982.33,43690.9,1,0,2/1/2026
500511,100154,CW-2023-000155,IL,2023,BI,ADJ_004,1007.35,1694.49,2701.84,1,0,2/1/2026
500512,100154,CW-2023-000155,IL,2023,PD,ADJ_004,1533.22,218,1751.22,0,0,2/1/2026
500513,100154,CW-2023-000155,IL,2023,BI,ADJ_004,2902.85,23384.52,26287.37,1,0,2/1/2026
500514,100154,CW-2023-000155,IL,2023,COMP,ADJ_004,29874.44,1500,31374.44,0,0,2/1/2026
500515,100154,CW-2023-000155,IL,2023,COMP,ADJ_004,218.31,1004.61,1222.92,1,0,2/1/2026
500516,100155,CW-2024-000156,PA,2024,BI,ADJ_005,1659.99,10562.51,12222.5,1,0,2/1/2026
500517,100155,CW-2024-000156,PA,2024,COLL,ADJ_005,7970.04,1500,9470.04,0,0,2/1/2026
500518,100155,CW-2024-000156,PA,2024,CARGO,ADJ_005,1595.57,346.94,1942.51,0,0,2/1/2026
500519,100156,CW-2025-000157,FL,2025,PD,ADJ_001,16365.19,1500,17865.19,0,0,2/1/2026
500520,100156,CW-2025-000157,FL,2025,UM,ADJ_001,40902.6,1500,42402.6,0,0,2/1/2026
500521,100157,CW-2025-000158,CO,2025,CARGO,ADJ_006,13606.97,25782.69,39389.66,1,0,2/1/2026
500522,100157,CW-2025-000158,CO,2025,BI,ADJ_006,72370.38,1500,73870.38,0,0,2/1/2026
500523,100157,CW-2025-000158,CO,2025,BI,ADJ_006,19685.46,1500,21185.46,0,0,2/1/2026
500524,100158,CW-2021-000159,CA,2021,BI,ADJ_009,33838,1500,35338,0,0,2/1/2026
500525,100158,CW-2021-000159,CA,2021,BI,ADJ_009,7463.21,26481.96,33945.17,1,0,2/1/2026
500526,100159,CW-2024-000160,CA,2024,PD,ADJ_001,2515.1,3499.28,6014.38,1,0,2/1/2026
500527,100159,CW-2024-000160,CA,2024,BI,ADJ_001,16270.83,1150.54,17421.37,0,0,2/1/2026
500528,100159,CW-2024-000160,CA,2024,COLL,ADJ_001,3026.48,591.97,3618.45,0,0,2/1/2026
500529,100159,CW-2024-000160,CA,2024,MEDPAY,ADJ_001,2659.41,13.36,2672.77,0,0,2/1/2026
500530,100160,CW-2024-000161,NY,2024,COLL,ADJ_010,4953.35,8087.52,13040.87,1,0,2/1/2026
500531,100160,CW-2024-000161,NY,2024,COLL,ADJ_010,3106.06,7644.34,10750.4,1,0,2/1/2026
500532,100160,CW-2024-000161,NY,2024,BI,ADJ_010,10734.5,1500,12234.5,0,0,2/1/2026
500533,100160,CW-2024-000161,NY,2024,PD,ADJ_010,8843.02,1500,10343.02,0,0,2/1/2026
500534,100161,CW-2021-000162,TX,2021,CARGO,ADJ_001,1241.5,10157.61,11399.11,1,0,2/1/2026
500535,100161,CW-2021-000162,TX,2021,BI,ADJ_001,3948.96,3987.66,7936.62,1,0,2/1/2026
500536,100162,CW-2024-000163,OH,2024,COMP,ADJ_009,11067.71,9571.72,20639.43,1,0,2/1/2026
500537,100162,CW-2024-000163,OH,2024,PD,ADJ_009,6050.62,1500,7550.62,0,0,2/1/2026
500538,100162,CW-2024-000163,OH,2024,BI,ADJ_009,6669.83,1500,8169.83,0,0,2/1/2026
500539,100163,CW-2022-000164,GA,2022,PD,ADJ_008,17663.31,26792.29,44455.6,1,0,2/1/2026
500540,100163,CW-2022-000164,GA,2022,BI,ADJ_008,16773.08,84.29,16857.37,0,0,2/1/2026
500541,100163,CW-2022-000164,GA,2022,COLL,ADJ_008,5725.36,1359.35,7084.71,0,0,2/1/2026
500542,100163,CW-2022-000164,GA,2022,CARGO,ADJ_008,1995.29,15160.77,17156.06,1,0,2/1/2026
500543,100164,CW-2022-000165,CA,2022,BI,ADJ_006,12230.2,26282.36,38512.56,1,0,2/1/2026
500544,100164,CW-2022-000165,CA,2022,PD,ADJ_006,3057.25,1177.85,4235.1,0,0,2/1/2026
500545,100165,CW-2022-000166,IL,2022,BI,ADJ_003,12977.32,1500,14477.32,0,0,2/1/2026
500546,100165,CW-2022-000166,IL,2022,COMP,ADJ_003,270.03,4345.61,4615.64,1,0,2/1/2026
500547,100165,CW-2022-000166,IL,2022,COLL,ADJ_003,20568.46,1500,22068.46,0,0,2/1/2026
500548,100165,CW-2022-000166,IL,2022,PD,ADJ_003,15937.1,1500,17437.1,0,0,2/1/2026
500549,100166,CW-2023-000167,GA,2023,COLL,ADJ_003,562.44,1644.78,2207.22,1,0,2/1/2026
500550,100166,CW-2023-000167,GA,2023,BI,ADJ_003,4164.79,864.34,5029.13,1,0,2/1/2026
500551,100166,CW-2023-000167,GA,2023,BI,ADJ_003,538.96,3719.87,4258.83,1,0,2/1/2026
500552,100166,CW-2023-000167,GA,2023,UM,ADJ_003,1981.75,20625.18,22606.93,1,0,2/1/2026
500553,100167,CW-2023-000168,NY,2023,UM,ADJ_003,16719.16,3280.87,20000.03,1,0,2/1/2026
500554,100167,CW-2023-000168,NY,2023,BI,ADJ_003,4427.43,831.36,5258.79,0,0,2/1/2026
500555,100167,CW-2023-000168,NY,2023,BI,ADJ_003,2003.07,9578.32,11581.39,1,0,2/1/2026
500556,100168,CW-2024-000169,MA,2024,COLL,ADJ_004,25003.25,1500,26503.25,0,0,2/1/2026
500557,100168,CW-2024-000169,MA,2024,PD,ADJ_004,16035.44,1500,17535.44,0,0,2/1/2026
500558,100169,CW-2023-000170,CA,2023,PD,ADJ_005,10187.53,330,10517.53,0,0,2/1/2026
500559,100169,CW-2023-000170,CA,2023,PD,ADJ_005,23376.27,9826.78,33203.05,1,0,2/1/2026
500560,100169,CW-2023-000170,CA,2023,MEDPAY,ADJ_005,4784.94,2604.79,7389.73,1,0,2/1/2026
500561,100169,CW-2023-000170,CA,2023,UM,ADJ_005,30773.48,1500,32273.48,0,0,2/1/2026
500562,100169,CW-2023-000170,CA,2023,MEDPAY,ADJ_005,1073.05,531.95,1605,0,0,2/1/2026
500563,100170,CW-2024-000171,WA,2024,COMP,ADJ_007,1386.11,769.92,2156.03,1,0,2/1/2026
500564,100170,CW-2024-000171,WA,2024,PD,ADJ_007,3667.43,3744.75,7412.18,1,0,2/1/2026
500565,100170,CW-2024-000171,WA,2024,UM,ADJ_007,116014.2,1500,117514.2,0,1,2/1/2026
500566,100171,CW-2025-000172,CA,2025,PD,ADJ_004,12177.4,1289.2,13466.6,0,0,2/1/2026
500567,100171,CW-2025-000172,CA,2025,MEDPAY,ADJ_004,10058.18,1408.02,11466.2,0,0,2/1/2026
500568,100171,CW-2025-000172,CA,2025,PD,ADJ_004,16798.6,16815.73,33614.33,1,0,2/1/2026
500569,100172,CW-2023-000173,GA,2023,COLL,ADJ_007,6598.44,21559.9,28158.34,1,0,2/1/2026
500570,100173,CW-2023-000174,NJ,2023,BI,ADJ_002,6501.62,13281.79,19783.41,1,0,2/1/2026
500571,100173,CW-2023-000174,NJ,2023,PD,ADJ_002,2256.56,2629.01,4885.57,1,0,2/1/2026
500572,100173,CW-2023-000174,NJ,2023,COLL,ADJ_002,10427.07,1500,11927.07,0,0,2/1/2026
500573,100174,CW-2023-000175,TX,2023,COMP,ADJ_003,5940.02,12474.19,18414.21,1,0,2/1/2026
500574,100174,CW-2023-000175,TX,2023,BI,ADJ_003,3915.1,1030.7,4945.8,1,0,2/1/2026
500575,100174,CW-2023-000175,TX,2023,CARGO,ADJ_003,16230.85,14208.88,30439.73,1,0,2/1/2026
500576,100175,CW-2024-000176,TX,2024,PD,ADJ_002,4361.28,9669.59,14030.87,1,0,2/1/2026
500577,100175,CW-2024-000176,TX,2024,COMP,ADJ_002,5071.64,5193.89,10265.53,1,0,2/1/2026
500578,100175,CW-2024-000176,TX,2024,BI,ADJ_002,26419.45,44122.77,70542.22,1,0,2/1/2026
500579,100175,CW-2024-000176,TX,2024,MEDPAY,ADJ_002,735.93,1451.99,2187.92,1,0,2/1/2026
500580,100176,CW-2024-000177,OH,2024,PD,ADJ_012,12717.02,1500,14217.02,0,0,2/1/2026
500581,100176,CW-2024-000177,OH,2024,MEDPAY,ADJ_012,1483.08,12436.62,13919.7,1,0,2/1/2026
500582,100177,CW-2022-000178,AZ,2022,BI,ADJ_005,1134.42,1349.11,2483.53,1,0,2/1/2026
500583,100178,CW-2023-000179,TX,2023,CARGO,ADJ_006,2593.78,3926.63,6520.41,1,0,2/1/2026
500584,100178,CW-2023-000179,TX,2023,WC,ADJ_006,24042.4,1500,25542.4,0,0,2/1/2026
500585,100179,CW-2024-000180,TX,2024,PD,ADJ_005,3575.48,12825,16400.48,1,0,2/1/2026
500586,100179,CW-2024-000180,TX,2024,COMP,ADJ_005,552.14,1158.2,1710.34,1,0,2/1/2026
500587,100180,CW-2024-000181,MA,2024,WC,ADJ_005,3400.58,11696.16,15096.74,1,0,2/1/2026
500588,100180,CW-2024-000181,MA,2024,MEDPAY,ADJ_005,1024.02,2342.51,3366.53,1,0,2/1/2026
500589,100180,CW-2024-000181,MA,2024,UM,ADJ_005,25025.26,1500,26525.26,0,0,2/1/2026
500590,100181,CW-2025-000182,OH,2025,MEDPAY,ADJ_006,3529.49,3466.61,6996.1,1,0,2/1/2026
500591,100181,CW-2025-000182,OH,2025,WC,ADJ_006,1929.36,1521.35,3450.71,1,0,2/1/2026
500592,100182,CW-2025-000183,IL,2025,COLL,ADJ_002,6632.03,8778.02,15410.05,1,0,2/1/2026
500593,100182,CW-2025-000183,IL,2025,UM,ADJ_002,1947.23,2331.1,4278.33,1,0,2/1/2026
500594,100183,CW-2024-000184,MA,2024,UM,ADJ_010,6981.36,4750.75,11732.11,1,0,2/1/2026
500595,100183,CW-2024-000184,MA,2024,PD,ADJ_010,2185.28,1403.12,3588.4,0,0,2/1/2026
500596,100183,CW-2024-000184,MA,2024,COMP,ADJ_010,15920.42,975.37,16895.79,0,0,2/1/2026
500597,100183,CW-2024-000184,MA,2024,COLL,ADJ_010,863.58,328.18,1191.76,0,0,2/1/2026
500598,100184,CW-2022-000185,GA,2022,MEDPAY,ADJ_002,2405.22,2320.51,4725.73,1,0,2/1/2026
500599,100185,CW-2023-000186,FL,2023,PD,ADJ_003,700.77,503.77,1204.54,1,0,2/1/2026
500600,100185,CW-2023-000186,FL,2023,BI,ADJ_003,5831.97,11958.6,17790.57,1,0,2/1/2026
500601,100185,CW-2023-000186,FL,2023,BI,ADJ_003,14605.73,1500,16105.73,0,0,2/1/2026
500602,100186,CW-2023-000187,CO,2023,COMP,ADJ_007,1461.62,1323.77,2785.39,1,0,2/1/2026
500603,100186,CW-2023-000187,CO,2023,CARGO,ADJ_007,4417.4,13564.27,17981.67,1,0,2/1/2026
500604,100187,CW-2025-000188,AZ,2025,BI,ADJ_007,20143.98,128788.32,148932.3,1,1,2/1/2026
500605,100187,CW-2025-000188,AZ,2025,BI,ADJ_007,1499,4382.57,5881.57,1,0,2/1/2026
500606,100187,CW-2025-000188,AZ,2025,BI,ADJ_007,72874.22,1500,74374.22,0,0,2/1/2026
500607,100188,CW-2024-000189,NJ,2024,PD,ADJ_002,2220.13,61.97,2282.1,0,0,2/1/2026
500608,100188,CW-2024-000189,NJ,2024,UM,ADJ_002,3247.28,34673.57,37920.85,1,0,2/1/2026
500609,100188,CW-2024-000189,NJ,2024,MEDPAY,ADJ_002,1192.26,387.94,1580.2,0,0,2/1/2026
500610,100188,CW-2024-000189,NJ,2024,MEDPAY,ADJ_002,2002.62,427.9,2430.52,0,0,2/1/2026
500611,100188,CW-2024-000189,NJ,2024,PD,ADJ_002,2958.96,5427.92,8386.88,1,0,2/1/2026
500612,100188,CW-2024-000189,NJ,2024,UM,ADJ_002,12173.25,25594.7,37767.95,1,0,2/1/2026
500613,100189,CW-2025-000190,NY,2025,CARGO,ADJ_008,45197.04,1500,46697.04,0,0,2/1/2026
500614,100189,CW-2025-000190,NY,2025,WC,ADJ_008,14572.42,1500,16072.42,0,0,2/1/2026
500615,100190,CW-2022-000191,PA,2022,COMP,ADJ_008,8536.12,1500,10036.12,0,0,2/1/2026
500616,100190,CW-2022-000191,PA,2022,MEDPAY,ADJ_008,4541.1,813.38,5354.48,0,0,2/1/2026
500617,100190,CW-2022-000191,PA,2022,BI,ADJ_008,115299.35,1500,116799.35,0,1,2/1/2026
500618,100190,CW-2022-000191,PA,2022,BI,ADJ_008,9408.26,45310.49,54718.75,1,0,2/1/2026
500619,100190,CW-2022-000191,PA,2022,BI,ADJ_008,30098.57,35186.31,65284.88,1,0,2/1/2026
500620,100190,CW-2022-000191,PA,2022,CARGO,ADJ_008,4911.65,4064.45,8976.1,1,0,2/1/2026
500621,100191,CW-2023-000192,FL,2023,BI,ADJ_006,19799.86,99.5,19899.36,0,0,2/1/2026
500622,100191,CW-2023-000192,FL,2023,PD,ADJ_006,20405.25,7077.96,27483.21,1,0,2/1/2026
500623,100191,CW-2023-000192,FL,2023,MEDPAY,ADJ_006,31312.01,1500,32812.01,0,0,2/1/2026
500624,100191,CW-2023-000192,FL,2023,MEDPAY,ADJ_006,5984,19944.08,25928.08,1,0,2/1/2026
500625,100191,CW-2023-000192,FL,2023,CARGO,ADJ_006,11379.39,18527.22,29906.61,1,0,2/1/2026
500626,100191,CW-2023-000192,FL,2023,BI,ADJ_006,3105.24,4452,7557.24,1,0,2/1/2026
500627,100192,CW-2024-000193,WA,2024,COMP,ADJ_011,20969.82,1500,22469.82,0,0,2/1/2026
500628,100192,CW-2024-000193,WA,2024,PD,ADJ_011,3385.12,671.43,4056.55,0,0,2/1/2026
500629,100192,CW-2024-000193,WA,2024,PD,ADJ_011,2921.43,17184.23,20105.66,1,0,2/1/2026
500630,100192,CW-2024-000193,WA,2024,BI,ADJ_011,9824.83,39639.58,49464.41,1,0,2/1/2026
500631,100193,CW-2023-000194,NJ,2023,PD,ADJ_007,1251.66,3812.02,5063.68,1,0,2/1/2026
500632,100193,CW-2023-000194,NJ,2023,UM,ADJ_007,11021.31,1500,12521.31,0,0,2/1/2026
500633,100193,CW-2023-000194,NJ,2023,BI,ADJ_007,11434.24,1500,12934.24,0,0,2/1/2026
500634,100193,CW-2023-000194,NJ,2023,MEDPAY,ADJ_007,2917.68,274.24,3191.92,0,0,2/1/2026
500635,100194,CW-2023-000195,NJ,2023,COMP,ADJ_009,6373.75,1500,7873.75,0,0,2/1/2026
500636,100195,CW-2023-000196,FL,2023,CARGO,ADJ_006,9741.04,1500,11241.04,0,0,2/1/2026
500637,100195,CW-2023-000196,FL,2023,COMP,ADJ_006,5834.02,29.32,5863.34,0,0,2/1/2026
500638,100195,CW-2023-000196,FL,2023,BI,ADJ_006,1175.17,8028.99,9204.16,1,0,2/1/2026
500639,100195,CW-2023-000196,FL,2023,COLL,ADJ_006,5142.77,7132.15,12274.92,1,0,2/1/2026
500640,100196,CW-2022-000197,TX,2022,BI,ADJ_005,19867.33,802.5,20669.83,0,0,2/1/2026
500641,100197,CW-2025-000198,TX,2025,BI,ADJ_006,9952.11,13052.3,23004.41,1,0,2/1/2026
500642,100198,CW-2021-000199,FL,2021,COLL,ADJ_006,23643.49,633.86,24277.35,0,0,2/1/2026
500643,100198,CW-2021-000199,FL,2021,BI,ADJ_006,7092.87,8288.21,15381.08,1,0,2/1/2026
500644,100199,CW-2024-000200,TX,2024,PD,ADJ_007,16865.54,21503.53,38369.07,1,0,2/1/2026
500645,100199,CW-2024-000200,TX,2024,COLL,ADJ_007,31323.67,71025.56,102349.23,1,1,2/1/2026
500646,100199,CW-2024-000200,TX,2024,PD,ADJ_007,8328.89,1500,9828.89,0,0,2/1/2026
500647,100200,CW-2022-000201,NC,2022,MEDPAY,ADJ_005,2988.91,12462.16,15451.07,1,0,2/1/2026
500648,100200,CW-2022-000201,NC,2022,MEDPAY,ADJ_005,3830.19,3416.94,7247.13,1,0,2/1/2026
500649,100200,CW-2022-000201,NC,2022,BI,ADJ_005,3234.5,6871.19,10105.69,1,0,2/1/2026
500650,100200,CW-2022-000201,NC,2022,COMP,ADJ_005,6332.04,6943.21,13275.25,1,0,2/1/2026
500651,100201,CW-2023-000202,FL,2023,MEDPAY,ADJ_012,2405.31,2188.08,4593.39,1,0,2/1/2026
500652,100201,CW-2023-000202,FL,2023,BI,ADJ_012,4021.78,10279.78,14301.56,1,0,2/1/2026
500653,100201,CW-2023-000202,FL,2023,PD,ADJ_012,395.01,7505.23,7900.24,1,0,2/1/2026
500654,100202,CW-2024-000203,PA,2024,UM,ADJ_005,2009.63,1741.06,3750.69,1,0,2/1/2026
500655,100202,CW-2024-000203,PA,2024,WC,ADJ_005,1135.04,761.17,1896.21,0,0,2/1/2026
500656,100202,CW-2024-000203,PA,2024,BI,ADJ_005,2766.83,7442.22,10209.05,1,0,2/1/2026
500657,100202,CW-2024-000203,PA,2024,BI,ADJ_005,30280.14,45018.34,75298.48,1,0,2/1/2026
500658,100203,CW-2021-000204,NY,2021,COLL,ADJ_006,3049.31,6594.97,9644.28,1,0,2/1/2026
500659,100203,CW-2021-000204,NY,2021,PD,ADJ_006,8306.29,1500,9806.29,0,0,2/1/2026
500660,100203,CW-2021-000204,NY,2021,MEDPAY,ADJ_006,1491.75,1098.92,2590.67,1,0,2/1/2026
500661,100203,CW-2021-000204,NY,2021,BI,ADJ_006,97001.58,1500,98501.58,0,0,2/1/2026
500662,100204,CW-2025-000205,AZ,2025,BI,ADJ_008,49871.68,1500,51371.68,0,0,2/1/2026
500663,100204,CW-2025-000205,AZ,2025,BI,ADJ_008,8030.11,15883.32,23913.43,1,0,2/1/2026
500664,100205,CW-2023-000206,FL,2023,WC,ADJ_006,38629.1,133285.99,171915.09,1,1,2/1/2026
500665,100205,CW-2023-000206,FL,2023,CARGO,ADJ_006,15901.6,1228.03,17129.63,0,0,2/1/2026
500666,100205,CW-2023-000206,FL,2023,PD,ADJ_006,1926.5,9819.46,11745.96,1,0,2/1/2026
500667,100205,CW-2023-000206,FL,2023,PD,ADJ_006,9758.13,7140.9,16899.03,1,0,2/1/2026
500668,100206,CW-2025-000207,PA,2025,PD,ADJ_007,14992.73,1500,16492.73,0,0,2/1/2026
500669,100206,CW-2025-000207,PA,2025,COMP,ADJ_007,1953.96,5882.44,7836.4,1,0,2/1/2026
500670,100206,CW-2025-000207,PA,2025,BI,ADJ_007,3155.17,9444.52,12599.69,1,0,2/1/2026
500671,100206,CW-2025-000207,PA,2025,CARGO,ADJ_007,15323.39,1500,16823.39,0,0,2/1/2026
500672,100207,CW-2022-000208,IL,2022,PD,ADJ_004,14542.02,3426.18,17968.2,1,0,2/1/2026
500673,100208,CW-2022-000209,TX,2022,BI,ADJ_007,6312.43,5827.65,12140.08,1,0,2/1/2026
500674,100208,CW-2022-000209,TX,2022,COMP,ADJ_007,2378.61,706.1,3084.71,0,0,2/1/2026
500675,100209,CW-2024-000210,CO,2024,CARGO,ADJ_006,251.58,4779.93,5031.51,1,0,2/1/2026
500676,100209,CW-2024-000210,CO,2024,COMP,ADJ_006,3391.4,7619.5,11010.9,1,0,2/1/2026
500677,100209,CW-2024-000210,CO,2024,COMP,ADJ_006,3033.61,1187.39,4221,0,0,2/1/2026
500678,100210,CW-2024-000211,CA,2024,WC,ADJ_012,1776.5,2721.41,4497.91,1,0,2/1/2026
500679,100210,CW-2024-000211,CA,2024,BI,ADJ_012,1395.66,4768.37,6164.03,1,0,2/1/2026
500680,100210,CW-2024-000211,CA,2024,CARGO,ADJ_012,3454.25,5231.32,8685.57,1,0,2/1/2026
500681,100210,CW-2024-000211,CA,2024,CARGO,ADJ_012,2522.03,39962.09,42484.12,1,0,2/1/2026
500682,100211,CW-2021-000212,GA,2021,WC,ADJ_006,33148.91,1500,34648.91,0,0,2/1/2026
500683,100211,CW-2021-000212,GA,2021,PD,ADJ_006,1148.51,6431.64,7580.15,1,0,2/1/2026
500684,100211,CW-2021-000212,GA,2021,PD,ADJ_006,50512.02,1500,52012.02,0,0,2/1/2026
500685,100212,CW-2024-000213,NY,2024,COMP,ADJ_012,10097.09,586.93,10684.02,0,0,2/1/2026
500686,100212,CW-2024-000213,NY,2024,PD,ADJ_012,10414.88,52.34,10467.22,0,0,2/1/2026
500687,100213,CW-2024-000214,TX,2024,PD,ADJ_003,18475.37,14785.83,33261.2,1,0,2/1/2026
500688,100213,CW-2024-000214,TX,2024,BI,ADJ_003,5946.3,37461.11,43407.41,1,0,2/1/2026
500689,100214,CW-2024-000215,CO,2024,MEDPAY,ADJ_008,42623.45,1500,44123.45,0,0,2/1/2026
500690,100214,CW-2024-000215,CO,2024,MEDPAY,ADJ_008,655.82,688.17,1343.99,1,0,2/1/2026
500691,100215,CW-2023-000216,PA,2023,UM,ADJ_005,11740.42,10849.63,22590.05,1,0,2/1/2026
500692,100215,CW-2023-000216,PA,2023,BI,ADJ_005,582.5,11067.57,11650.07,1,0,2/1/2026
500693,100216,CW-2024-000217,CA,2024,BI,ADJ_008,10784.08,1500,12284.08,0,0,2/1/2026
500694,100216,CW-2024-000217,CA,2024,PD,ADJ_008,945.95,12175.13,13121.08,1,0,2/1/2026
500695,100216,CW-2024-000217,CA,2024,COLL,ADJ_008,1258.25,146.77,1405.02,0,0,2/1/2026
500696,100217,CW-2025-000218,MA,2025,COLL,ADJ_002,5919.92,1500,7419.92,0,0,2/1/2026
500697,100217,CW-2025-000218,MA,2025,COMP,ADJ_002,16450.34,19067.24,35517.58,1,0,2/1/2026
500698,100217,CW-2025-000218,MA,2025,BI,ADJ_002,6009.82,7572.05,13581.87,1,0,2/1/2026
500699,100218,CW-2021-000219,AZ,2021,BI,ADJ_004,473.4,4056.44,4529.84,1,0,2/1/2026
500700,100218,CW-2021-000219,AZ,2021,BI,ADJ_004,15646.58,24778.31,40424.89,1,0,2/1/2026
500701,100219,CW-2025-000220,WA,2025,CARGO,ADJ_004,17671.1,1034.71,18705.81,0,0,2/1/2026
500702,100219,CW-2025-000220,WA,2025,PD,ADJ_004,40530.95,1500,42030.95,0,0,2/1/2026
500703,100219,CW-2025-000220,WA,2025,PD,ADJ_004,3913.16,8146.05,12059.21,1,0,2/1/2026
500704,100219,CW-2025-000220,WA,2025,WC,ADJ_004,34501.2,1500,36001.2,0,0,2/1/2026
500705,100219,CW-2025-000220,WA,2025,PD,ADJ_004,8304.85,6105.24,14410.09,1,0,2/1/2026
500706,100219,CW-2025-000220,WA,2025,COLL,ADJ_004,3523.78,7878.86,11402.64,1,0,2/1/2026
500707,100220,CW-2023-000221,TX,2023,PD,ADJ_012,4799.77,6621.09,11420.86,1,0,2/1/2026
500708,100220,CW-2023-000221,TX,2023,COLL,ADJ_012,3345.7,8164.87,11510.57,1,0,2/1/2026
500709,100221,CW-2024-000222,FL,2024,MEDPAY,ADJ_007,2561.28,818.84,3380.12,0,0,2/1/2026
500710,100221,CW-2024-000222,FL,2024,UM,ADJ_007,544.37,4393.5,4937.87,1,0,2/1/2026
500711,100222,CW-2023-000223,AZ,2023,MEDPAY,ADJ_009,11039.31,54996.89,66036.2,1,0,2/1/2026
500712,100222,CW-2023-000223,AZ,2023,PD,ADJ_009,10450.22,19136.5,29586.72,1,0,2/1/2026
500713,100222,CW-2023-000223,AZ,2023,BI,ADJ_009,32736.8,164.51,32901.31,0,0,2/1/2026
500714,100223,CW-2023-000224,CO,2023,MEDPAY,ADJ_011,752.84,1914.98,2667.82,1,0,2/1/2026
500715,100223,CW-2023-000224,CO,2023,BI,ADJ_011,3699.25,626.9,4326.15,0,0,2/1/2026
500716,100223,CW-2023-000224,CO,2023,UM,ADJ_011,8132.52,25474.24,33606.76,1,0,2/1/2026
500717,100223,CW-2023-000224,CO,2023,MEDPAY,ADJ_011,5001.3,11152.11,16153.41,1,0,2/1/2026
500718,100223,CW-2023-000224,CO,2023,COMP,ADJ_011,5271.34,3805.27,9076.61,1,0,2/1/2026
500719,100223,CW-2023-000224,CO,2023,BI,ADJ_011,26089.52,1500,27589.52,0,0,2/1/2026
500720,100224,CW-2023-000225,PA,2023,BI,ADJ_008,10748.34,16581.55,27329.89,1,0,2/1/2026
500721,100224,CW-2023-000225,PA,2023,COMP,ADJ_008,14340.88,1500,15840.88,0,0,2/1/2026
500722,100224,CW-2023-000225,PA,2023,COLL,ADJ_008,19736.29,1500,21236.29,0,0,2/1/2026
500723,100224,CW-2023-000225,PA,2023,COLL,ADJ_008,1781.55,6053.22,7834.77,1,0,2/1/2026
500724,100225,CW-2023-000226,TX,2023,PD,ADJ_004,21776.37,19973.07,41749.44,1,0,2/1/2026
500725,100225,CW-2023-000226,TX,2023,MEDPAY,ADJ_004,2013,6236.87,8249.87,1,0,2/1/2026
500726,100225,CW-2023-000226,TX,2023,COMP,ADJ_004,647.43,1091.73,1739.16,1,0,2/1/2026
500727,100226,CW-2024-000227,IL,2024,BI,ADJ_007,5486.05,5550.23,11036.28,1,0,2/1/2026
500728,100226,CW-2024-000227,IL,2024,BI,ADJ_007,9340.1,1500,10840.1,0,0,2/1/2026
500729,100226,CW-2024-000227,IL,2024,COLL,ADJ_007,32053.58,161.07,32214.65,0,0,2/1/2026
500730,100226,CW-2024-000227,IL,2024,COLL,ADJ_007,1051.55,4219.06,5270.61,1,0,2/1/2026
500731,100227,CW-2025-000228,TX,2025,PD,ADJ_003,4721.18,5950.26,10671.44,1,0,2/1/2026
500732,100227,CW-2025-000228,TX,2025,COLL,ADJ_003,8926.81,10561.24,19488.05,1,0,2/1/2026
500733,100227,CW-2025-000228,TX,2025,BI,ADJ_003,25262.14,1500,26762.14,0,0,2/1/2026
500734,100227,CW-2025-000228,TX,2025,CARGO,ADJ_003,14445.53,33394.32,47839.85,1,0,2/1/2026
500735,100227,CW-2025-000228,TX,2025,PD,ADJ_003,2635.92,3464.4,6100.32,1,0,2/1/2026
500736,100228,CW-2025-000229,TX,2025,COMP,ADJ_005,4109.57,5221.12,9330.69,1,0,2/1/2026
500737,100228,CW-2025-000229,TX,2025,CARGO,ADJ_005,3779.56,3783.1,7562.66,1,0,2/1/2026
500738,100229,CW-2021-000230,AZ,2021,BI,ADJ_004,792.42,2189.75,2982.17,1,0,2/1/2026
500739,100229,CW-2021-000230,AZ,2021,BI,ADJ_004,2436.15,922.01,3358.16,0,0,2/1/2026
500740,100229,CW-2021-000230,AZ,2021,PD,ADJ_004,5992.77,11626.68,17619.45,1,0,2/1/2026
500741,100229,CW-2021-000230,AZ,2021,BI,ADJ_004,123965.75,197929.66,321895.41,1,1,2/1/2026
500742,100229,CW-2021-000230,AZ,2021,PD,ADJ_004,30476.9,1500,31976.9,0,0,2/1/2026
500743,100230,CW-2022-000231,WA,2022,BI,ADJ_009,19127.74,9867.32,28995.06,1,0,2/1/2026
500744,100230,CW-2022-000231,WA,2022,WC,ADJ_009,43466.05,1500,44966.05,0,0,2/1/2026
500745,100230,CW-2022-000231,WA,2022,COMP,ADJ_009,18961.95,16445.43,35407.38,1,0,2/1/2026
500746,100231,CW-2025-000232,GA,2025,BI,ADJ_012,9488.34,5418.02,14906.36,1,0,2/1/2026
500747,100231,CW-2025-000232,GA,2025,PD,ADJ_012,17764.3,21896.27,39660.57,1,0,2/1/2026
500748,100232,CW-2024-000233,AZ,2024,WC,ADJ_005,1033.81,8781.83,9815.64,1,0,2/1/2026
500749,100232,CW-2024-000233,AZ,2024,CARGO,ADJ_005,58548.19,1500,60048.19,0,0,2/1/2026
500750,100232,CW-2024-000233,AZ,2024,BI,ADJ_005,5724.5,20539.26,26263.76,1,0,2/1/2026
500751,100232,CW-2024-000233,AZ,2024,MEDPAY,ADJ_005,3744.26,2668.02,6412.28,1,0,2/1/2026
500752,100232,CW-2024-000233,AZ,2024,CARGO,ADJ_005,13506.86,31138.66,44645.52,1,0,2/1/2026
500753,100232,CW-2024-000233,AZ,2024,MEDPAY,ADJ_005,111.9,2126.04,2237.94,1,0,2/1/2026
500754,100233,CW-2025-000234,GA,2025,PD,ADJ_006,3624.92,5811.66,9436.58,1,0,2/1/2026
500755,100233,CW-2025-000234,GA,2025,BI,ADJ_006,22798,1041.43,23839.43,0,0,2/1/2026
500756,100233,CW-2025-000234,GA,2025,PD,ADJ_006,448.18,2445.89,2894.07,1,0,2/1/2026
500757,100234,CW-2024-000235,NY,2024,BI,ADJ_006,2892.75,215.6,3108.35,0,0,2/1/2026
500758,100234,CW-2024-000235,NY,2024,COLL,ADJ_006,3857.68,4636.72,8494.4,1,0,2/1/2026
500759,100234,CW-2024-000235,NY,2024,WC,ADJ_006,2010.81,8674.98,10685.79,1,0,2/1/2026
500760,100234,CW-2024-000235,NY,2024,MEDPAY,ADJ_006,2175.72,4064.16,6239.88,1,0,2/1/2026
500761,100235,CW-2024-000236,OH,2024,UM,ADJ_001,7604.4,18719.99,26324.39,1,0,2/1/2026
500762,100236,CW-2024-000237,WA,2024,BI,ADJ_007,8260.73,12695.59,20956.32,1,0,2/1/2026
500763,100236,CW-2024-000237,WA,2024,COLL,ADJ_007,1136.49,1465.85,2602.34,1,0,2/1/2026
500764,100236,CW-2024-000237,WA,2024,BI,ADJ_007,5751.53,532.31,6283.84,0,0,2/1/2026
500765,100236,CW-2024-000237,WA,2024,WC,ADJ_007,49796.63,1500,51296.63,0,0,2/1/2026
500766,100237,CW-2022-000238,MA,2022,PD,ADJ_003,27919.7,1500,29419.7,0,0,2/1/2026
500767,100237,CW-2022-000238,MA,2022,WC,ADJ_003,498.85,9478.11,9976.96,1,0,2/1/2026
500768,100237,CW-2022-000238,MA,2022,PD,ADJ_003,14848.09,1500,16348.09,0,0,2/1/2026
500769,100237,CW-2022-000238,MA,2022,BI,ADJ_003,9622.86,8433.78,18056.64,1,0,2/1/2026
500770,100238,CW-2024-000239,MA,2024,CARGO,ADJ_009,4129.87,6294.54,10424.41,1,0,2/1/2026
500771,100238,CW-2024-000239,MA,2024,BI,ADJ_009,6271.08,1500,7771.08,0,0,2/1/2026
500772,100238,CW-2024-000239,MA,2024,MEDPAY,ADJ_009,10480.19,1003.36,11483.55,0,0,2/1/2026
500773,100238,CW-2024-000239,MA,2024,BI,ADJ_009,15288.49,19385.65,34674.14,1,0,2/1/2026
500774,100239,CW-2022-000240,NC,2022,BI,ADJ_001,9093.44,1083.89,10177.33,0,0,2/1/2026
500775,100239,CW-2022-000240,NC,2022,PD,ADJ_001,10567.61,13926.23,24493.84,1,0,2/1/2026
500776,100240,CW-2025-000241,TX,2025,COLL,ADJ_009,6194.31,13419.13,19613.44,1,0,2/1/2026
500777,100240,CW-2025-000241,TX,2025,UM,ADJ_009,10965.05,40535.77,51500.82,1,0,2/1/2026
500778,100241,CW-2023-000242,NY,2023,BI,ADJ_007,7525.8,1500,9025.8,0,0,2/1/2026
500779,100241,CW-2023-000242,NY,2023,CARGO,ADJ_007,3187.4,7973.13,11160.53,1,0,2/1/2026
500780,100241,CW-2023-000242,NY,2023,COLL,ADJ_007,396.89,1161.49,1558.38,1,0,2/1/2026
500781,100241,CW-2023-000242,NY,2023,MEDPAY,ADJ_007,13079.01,1500,14579.01,0,0,2/1/2026
500782,100242,CW-2022-000243,PA,2022,PD,ADJ_008,34641.89,1500,36141.89,0,0,2/1/2026
500783,100242,CW-2022-000243,PA,2022,COLL,ADJ_008,16753.16,1500,18253.16,0,0,2/1/2026
500784,100242,CW-2022-000243,PA,2022,PD,ADJ_008,908.78,5464.09,6372.87,1,0,2/1/2026
500785,100243,CW-2025-000244,FL,2025,UM,ADJ_006,4685.29,6165.18,10850.47,1,0,2/1/2026
500786,100243,CW-2025-000244,FL,2025,MEDPAY,ADJ_006,2305.52,2039.57,4345.09,1,0,2/1/2026
500787,100243,CW-2025-000244,FL,2025,BI,ADJ_006,10024.39,10466.31,20490.7,1,0,2/1/2026
500788,100244,CW-2023-000245,NJ,2023,CARGO,ADJ_003,2627.32,1441.56,4068.88,1,0,2/1/2026
500789,100244,CW-2023-000245,NJ,2023,MEDPAY,ADJ_003,14566.54,1500,16066.54,0,0,2/1/2026
500790,100244,CW-2023-000245,NJ,2023,BI,ADJ_003,14626.43,1500,16126.43,0,0,2/1/2026
500791,100244,CW-2023-000245,NJ,2023,BI,ADJ_003,6080.06,5666.13,11746.19,1,0,2/1/2026
500792,100244,CW-2023-000245,NJ,2023,BI,ADJ_003,2249.82,11816.81,14066.63,1,0,2/1/2026
500793,100245,CW-2021-000246,CA,2021,BI,ADJ_007,26901.01,58685.03,85586.04,1,0,2/1/2026
500794,100245,CW-2021-000246,CA,2021,PD,ADJ_007,27451.48,1500,28951.48,0,0,2/1/2026
500795,100245,CW-2021-000246,CA,2021,UM,ADJ_007,23633.76,1500,25133.76,0,0,2/1/2026
500796,100245,CW-2021-000246,CA,2021,BI,ADJ_007,4597.87,44072.79,48670.66,1,0,2/1/2026
500797,100246,CW-2023-000247,FL,2023,BI,ADJ_003,30124.13,38856.37,68980.5,1,0,2/1/2026
500798,100246,CW-2023-000247,FL,2023,COMP,ADJ_003,4555.47,14115.17,18670.64,1,0,2/1/2026
500799,100246,CW-2023-000247,FL,2023,PD,ADJ_003,402.21,1312.21,1714.42,1,0,2/1/2026
500800,100246,CW-2023-000247,FL,2023,PD,ADJ_003,1708.2,5089.61,6797.81,1,0,2/1/2026
500801,100247,CW-2024-000248,GA,2024,BI,ADJ_009,2683.91,780.43,3464.34,0,0,2/1/2026
500802,100247,CW-2024-000248,GA,2024,COMP,ADJ_009,5569.1,1500,7069.1,0,0,2/1/2026
500803,100247,CW-2024-000248,GA,2024,BI,ADJ_009,2059.27,8037.77,10097.04,1,0,2/1/2026
500804,100247,CW-2024-000248,GA,2024,UM,ADJ_009,12131.97,17976.21,30108.18,1,0,2/1/2026
500805,100247,CW-2024-000248,GA,2024,BI,ADJ_009,31425.92,21517.02,52942.94,1,0,2/1/2026
500806,100248,CW-2023-000249,CO,2023,MEDPAY,ADJ_009,3741.53,10113.64,13855.17,1,0,2/1/2026
500807,100248,CW-2023-000249,CO,2023,BI,ADJ_009,14869.95,1500,16369.95,0,0,2/1/2026
500808,100248,CW-2023-000249,CO,2023,PD,ADJ_009,3971.38,6679.24,10650.62,1,0,2/1/2026
500809,100249,CW-2022-000250,NC,2022,PD,ADJ_004,19189.84,1500,20689.84,0,0,2/1/2026
500810,100249,CW-2022-000250,NC,2022,CARGO,ADJ_004,6475.33,1500,7975.33,0,0,2/1/2026
500811,100249,CW-2022-000250,NC,2022,UM,ADJ_004,5177.7,1500,6677.7,0,0,2/1/2026
500812,100249,CW-2022-000250,NC,2022,WC,ADJ_004,16066.13,26196.7,42262.83,1,0,2/1/2026
500813,100250,CW-2023-000251,WA,2023,PD,ADJ_007,888.55,16882.39,17770.94,1,0,2/1/2026
500814,100250,CW-2023-000251,WA,2023,BI,ADJ_007,4401.79,1196.29,5598.08,0,0,2/1/2026
500815,100250,CW-2023-000251,WA,2023,WC,ADJ_007,8236.57,1500,9736.57,0,0,2/1/2026
500816,100250,CW-2023-000251,WA,2023,PD,ADJ_007,1195.94,2513.81,3709.75,1,0,2/1/2026
500817,100250,CW-2023-000251,WA,2023,COLL,ADJ_007,599.27,1234.81,1834.08,1,0,2/1/2026
500818,100251,CW-2023-000252,NJ,2023,BI,ADJ_008,750.34,2506.18,3256.52,1,0,2/1/2026
500819,100251,CW-2023-000252,NJ,2023,BI,ADJ_008,6957.6,1500,8457.6,0,0,2/1/2026
500820,100252,CW-2025-000253,FL,2025,PD,ADJ_002,9272.29,1282.17,10554.46,0,0,2/1/2026
500821,100252,CW-2025-000253,FL,2025,CARGO,ADJ_002,6590.98,533.82,7124.8,0,0,2/1/2026
500822,100252,CW-2025-000253,FL,2025,PD,ADJ_002,6970.87,1297.3,8268.17,0,0,2/1/2026
500823,100252,CW-2025-000253,FL,2025,PD,ADJ_002,16066.26,1421.07,17487.33,0,0,2/1/2026
500824,100252,CW-2025-000253,FL,2025,PD,ADJ_002,2401.19,599.28,3000.47,0,0,2/1/2026
500825,100252,CW-2025-000253,FL,2025,BI,ADJ_002,3305.43,36752.36,40057.79,1,0,2/1/2026
500826,100253,CW-2023-000254,NC,2023,MEDPAY,ADJ_004,1572.96,9087.69,10660.65,1,0,2/1/2026
500827,100253,CW-2023-000254,NC,2023,PD,ADJ_004,23359.31,1500,24859.31,0,0,2/1/2026
500828,100253,CW-2023-000254,NC,2023,COMP,ADJ_004,4054.58,515.12,4569.7,0,0,2/1/2026
500829,100253,CW-2023-000254,NC,2023,PD,ADJ_004,1361.8,3788.84,5150.64,1,0,2/1/2026
500830,100254,CW-2022-000255,CA,2022,PD,ADJ_002,726.71,4083.26,4809.97,1,0,2/1/2026
500831,100254,CW-2022-000255,CA,2022,WC,ADJ_002,4772.21,8609.32,13381.53,1,0,2/1/2026
500832,100255,CW-2025-000256,NJ,2025,PD,ADJ_010,3984.18,1205.09,5189.27,0,0,2/1/2026
500833,100255,CW-2025-000256,NJ,2025,PD,ADJ_010,542.28,1073.69,1615.97,1,0,2/1/2026
500834,100255,CW-2025-000256,NJ,2025,BI,ADJ_010,3282.73,3361.8,6644.53,1,0,2/1/2026
500835,100256,CW-2021-000257,NC,2021,WC,ADJ_005,13340.41,1500,14840.41,0,0,2/1/2026
500836,100256,CW-2021-000257,NC,2021,COLL,ADJ_005,25460.66,1500,26960.66,0,0,2/1/2026
500837,100256,CW-2021-000257,NC,2021,BI,ADJ_005,20523.25,29791.99,50315.24,1,0,2/1/2026
500838,100256,CW-2021-000257,NC,2021,COMP,ADJ_005,11761.11,7584.99,19346.1,1,0,2/1/2026
500839,100256,CW-2021-000257,NC,2021,MEDPAY,ADJ_005,2179.96,2124.54,4304.5,1,0,2/1/2026
500840,100257,CW-2023-000258,NY,2023,PD,ADJ_001,2092.24,6946.98,9039.22,1,0,2/1/2026
500841,100257,CW-2023-000258,NY,2023,CARGO,ADJ_001,1964.69,4310.47,6275.16,1,0,2/1/2026
500842,100257,CW-2023-000258,NY,2023,CARGO,ADJ_001,7630.55,1171.29,8801.84,0,0,2/1/2026
500843,100257,CW-2023-000258,NY,2023,BI,ADJ_001,721.11,1615.46,2336.57,1,0,2/1/2026
500844,100258,CW-2024-000259,WA,2024,COLL,ADJ_011,90800.28,1500,92300.28,0,0,2/1/2026
500845,100258,CW-2024-000259,WA,2024,CARGO,ADJ_011,1998.63,14964.03,16962.66,1,0,2/1/2026
500846,100258,CW-2024-000259,WA,2024,COLL,ADJ_011,13536.64,15980.78,29517.42,1,0,2/1/2026
500847,100258,CW-2024-000259,WA,2024,BI,ADJ_011,4702.49,4046.86,8749.35,1,0,2/1/2026
500848,100259,CW-2024-000260,OH,2024,BI,ADJ_010,12309.2,9919.09,22228.29,1,0,2/1/2026
500849,100259,CW-2024-000260,OH,2024,CARGO,ADJ_010,2859.72,13633.85,16493.57,1,0,2/1/2026
500850,100259,CW-2024-000260,OH,2024,PD,ADJ_010,13142.46,807.8,13950.26,0,0,2/1/2026
500851,100259,CW-2024-000260,OH,2024,COLL,ADJ_010,9775.09,1500,11275.09,0,0,2/1/2026
500852,100259,CW-2024-000260,OH,2024,PD,ADJ_010,1540.37,2053.81,3594.18,1,0,2/1/2026
